2026-01-08 08:38:05 - PHP Warning:  mkdir(): Permission denied in /var/www/html/admin/controller/common/security.php on line 257
2026-01-08 08:38:05 - PHP Warning:  mkdir(): No such file or directory in /var/www/html/admin/controller/common/security.php on line 283
2026-01-08 08:38:05 - PHP Warning:  mkdir(): No such file or directory in /var/www/html/admin/controller/common/security.php on line 283
2026-01-08 08:38:05 - PHP Warning:  mkdir(): No such file or directory in /var/www/html/admin/controller/common/security.php on line 283
2026-01-08 08:38:05 - PHP Warning:  mkdir(): No such file or directory in /var/www/html/admin/controller/common/security.php on line 283
2026-01-08 08:38:05 - PHP Warning:  mkdir(): No such file or directory in /var/www/html/admin/controller/common/security.php on line 283
2026-01-08 08:38:05 - PHP Warning:  mkdir(): No such file or directory in /var/www/html/admin/controller/common/security.php on line 283
2026-01-08 08:38:05 - PHP Warning:  mkdir(): No such file or directory in /var/www/html/admin/controller/common/security.php on line 283
2026-01-08 08:38:05 - PHP Warning:  mkdir(): No such file or directory in /var/www/html/admin/controller/common/security.php on line 283
2026-01-08 08:38:05 - PHP Warning:  mkdir(): No such file or directory in /var/www/html/admin/controller/common/security.php on line 283
2026-01-08 08:38:05 - PHP Warning:  copy(/var/www/storage/backup/index.html): Failed to open stream: No such file or directory in /var/www/html/admin/controller/common/security.php on line 288
2026-01-08 08:38:05 - PHP Warning:  mkdir(): No such file or directory in /var/www/html/admin/controller/common/security.php on line 283
2026-01-08 08:38:05 - PHP Warning:  copy(/var/www/storage/cache/cache.currency.c5c18028d03262f0feeb2bf646fb83f1.1767865000): Failed to open stream: No such file or directory in /var/www/html/admin/controller/common/security.php on line 288
2026-01-08 08:38:05 - PHP Warning:  mkdir(): No such file or directory in /var/www/html/admin/controller/common/security.php on line 283
2026-01-08 08:38:05 - PHP Warning:  copy(/var/www/storage/cache/cache.information.6872327ecc679a163f79f98950419698.1767865001): Failed to open stream: No such file or directory in /var/www/html/admin/controller/common/security.php on line 288
2026-01-08 08:38:05 - PHP Warning:  mkdir(): No such file or directory in /var/www/html/admin/controller/common/security.php on line 283
2026-01-08 08:38:05 - PHP Warning:  copy(/var/www/storage/cache/cache.language.4ab6fc1e6e1e7fd0d80be63206cc592f.1767865000): Failed to open stream: No such file or directory in /var/www/html/admin/controller/common/security.php on line 288
2026-01-08 08:38:05 - PHP Warning:  mkdir(): No such file or directory in /var/www/html/admin/controller/common/security.php on line 283
2026-01-08 08:38:05 - PHP Warning:  copy(/var/www/storage/cache/cache.language.7fa80dd4fa95bfff83bda8543f986b65.1767865023): Failed to open stream: No such file or directory in /var/www/html/admin/controller/common/security.php on line 288
2026-01-08 08:38:05 - PHP Warning:  mkdir(): No such file or directory in /var/www/html/admin/controller/common/security.php on line 283
2026-01-08 08:38:05 - PHP Warning:  copy(/var/www/storage/cache/cache.store.f4e59086bfd5322620dbd8df0fc3e3e6.1767865046): Failed to open stream: No such file or directory in /var/www/html/admin/controller/common/security.php on line 288
2026-01-08 08:38:05 - PHP Warning:  mkdir(): No such file or directory in /var/www/html/admin/controller/common/security.php on line 283
2026-01-08 08:38:05 - PHP Warning:  copy(/var/www/storage/cache/index.html): Failed to open stream: No such file or directory in /var/www/html/admin/controller/common/security.php on line 288
2026-01-08 08:38:05 - PHP Warning:  mkdir(): No such file or directory in /var/www/html/admin/controller/common/security.php on line 283
2026-01-08 08:38:05 - PHP Warning:  mkdir(): No such file or directory in /var/www/html/admin/controller/common/security.php on line 283
2026-01-08 08:38:05 - PHP Warning:  copy(/var/www/storage/download/index.html): Failed to open stream: No such file or directory in /var/www/html/admin/controller/common/security.php on line 288
2026-01-08 08:38:05 - PHP Warning:  mkdir(): No such file or directory in /var/www/html/admin/controller/common/security.php on line 283
2026-01-08 08:38:05 - PHP Warning:  copy(/var/www/storage/logs/error.log): Failed to open stream: No such file or directory in /var/www/html/admin/controller/common/security.php on line 288
2026-01-08 08:38:05 - PHP Warning:  mkdir(): No such file or directory in /var/www/html/admin/controller/common/security.php on line 283
2026-01-08 08:38:05 - PHP Warning:  copy(/var/www/storage/logs/index.html): Failed to open stream: No such file or directory in /var/www/html/admin/controller/common/security.php on line 288
2026-01-08 08:38:05 - PHP Warning:  mkdir(): No such file or directory in /var/www/html/admin/controller/common/security.php on line 283
2026-01-08 08:38:05 - PHP Warning:  copy(/var/www/storage/marketplace/index.html): Failed to open stream: No such file or directory in /var/www/html/admin/controller/common/security.php on line 288
2026-01-08 08:38:05 - PHP Warning:  mkdir(): No such file or directory in /var/www/html/admin/controller/common/security.php on line 283
2026-01-08 08:38:05 - PHP Warning:  copy(/var/www/storage/marketplace/oc_language_example.ocmod.zip): Failed to open stream: No such file or directory in /var/www/html/admin/controller/common/security.php on line 288
2026-01-08 08:38:05 - PHP Warning:  mkdir(): No such file or directory in /var/www/html/admin/controller/common/security.php on line 283
2026-01-08 08:38:05 - PHP Warning:  copy(/var/www/storage/marketplace/oc_ocmod_example.ocmod.zip): Failed to open stream: No such file or directory in /var/www/html/admin/controller/common/security.php on line 288
2026-01-08 08:38:05 - PHP Warning:  mkdir(): No such file or directory in /var/www/html/admin/controller/common/security.php on line 283
2026-01-08 08:38:05 - PHP Warning:  copy(/var/www/storage/marketplace/oc_payment_example.ocmod.zip): Failed to open stream: No such file or directory in /var/www/html/admin/controller/common/security.php on line 288
2026-01-08 08:38:05 - PHP Warning:  mkdir(): No such file or directory in /var/www/html/admin/controller/common/security.php on line 283
2026-01-08 08:38:05 - PHP Warning:  copy(/var/www/storage/marketplace/oc_theme_example.ocmod.zip): Failed to open stream: No such file or directory in /var/www/html/admin/controller/common/security.php on line 288
2026-01-08 08:38:05 - PHP Warning:  mkdir(): No such file or directory in /var/www/html/admin/controller/common/security.php on line 283
2026-01-08 08:38:05 - PHP Warning:  copy(/var/www/storage/marketplace/opencart.ocmod.zip): Failed to open stream: No such file or directory in /var/www/html/admin/controller/common/security.php on line 288
2026-01-08 08:38:05 - PHP Warning:  mkdir(): No such file or directory in /var/www/html/admin/controller/common/security.php on line 283
2026-01-08 08:38:05 - PHP Warning:  copy(/var/www/storage/session/index.html): Failed to open stream: No such file or directory in /var/www/html/admin/controller/common/security.php on line 288
2026-01-08 08:38:05 - PHP Warning:  mkdir(): No such file or directory in /var/www/html/admin/controller/common/security.php on line 283
2026-01-08 08:38:05 - PHP Warning:  copy(/var/www/storage/upload/index.html): Failed to open stream: No such file or directory in /var/www/html/admin/controller/common/security.php on line 288
2026-01-08 08:38:05 - PHP Warning:  mkdir(): No such file or directory in /var/www/html/admin/controller/common/security.php on line 283
2026-01-08 08:38:05 - PHP Warning:  copy(/var/www/storage/vendor/autoload.php): Failed to open stream: No such file or directory in /var/www/html/admin/controller/common/security.php on line 288
2026-01-08 08:38:05 - PHP Warning:  mkdir(): No such file or directory in /var/www/html/admin/controller/common/security.php on line 283
2026-01-08 08:38:05 - PHP Warning:  mkdir(): No such file or directory in /var/www/html/admin/controller/common/security.php on line 283
2026-01-08 08:38:05 - PHP Warning:  mkdir(): No such file or directory in /var/www/html/admin/controller/common/security.php on line 283
2026-01-08 08:38:05 - PHP Warning:  mkdir(): No such file or directory in /var/www/html/admin/controller/common/security.php on line 283
2026-01-08 08:38:05 - PHP Warning:  mkdir(): No such file or directory in /var/www/html/admin/controller/common/security.php on line 283
2026-01-08 08:38:05 - PHP Warning:  mkdir(): No such file or directory in /var/www/html/admin/controller/common/security.php on line 283
2026-01-08 08:38:05 - PHP Warning:  mkdir(): No such file or directory in /var/www/html/admin/controller/common/security.php on line 283
2026-01-08 08:38:05 - PHP Warning:  mkdir(): No such file or directory in /var/www/html/admin/controller/common/security.php on line 283
2026-01-08 08:38:05 - PHP Warning:  mkdir(): No such file or directory in /var/www/html/admin/controller/common/security.php on line 283
2026-01-08 08:38:05 - PHP Warning:  mkdir(): No such file or directory in /var/www/html/admin/controller/common/security.php on line 283
2026-01-08 08:38:05 - PHP Warning:  mkdir(): No such file or directory in /var/www/html/admin/controller/common/security.php on line 283
2026-01-08 08:38:05 - PHP Warning:  mkdir(): No such file or directory in /var/www/html/admin/controller/common/security.php on line 283
2026-01-08 08:38:05 - PHP Warning:  mkdir(): No such file or directory in /var/www/html/admin/controller/common/security.php on line 283
2026-01-08 08:38:05 - PHP Warning:  mkdir(): No such file or directory in /var/www/html/admin/controller/common/security.php on line 283
2026-01-08 08:38:05 - PHP Warning:  mkdir(): No such file or directory in /var/www/html/admin/controller/common/security.php on line 283
2026-01-08 08:38:05 - PHP Warning:  mkdir(): No such file or directory in /var/www/html/admin/controller/common/security.php on line 283
2026-01-08 08:38:05 - PHP Warning:  mkdir(): No such file or directory in /var/www/html/admin/controller/common/security.php on line 283
2026-01-08 08:38:05 - PHP Warning:  mkdir(): No such file or directory in /var/www/html/admin/controller/common/security.php on line 283
2026-01-08 08:38:05 - PHP Warning:  mkdir(): No such file or directory in /var/www/html/admin/controller/common/security.php on line 283
2026-01-08 08:38:05 - PHP Warning:  mkdir(): No such file or directory in /var/www/html/admin/controller/common/security.php on line 283
2026-01-08 08:38:05 - PHP Warning:  mkdir(): No such file or directory in /var/www/html/admin/controller/common/security.php on line 283
2026-01-08 08:38:05 - PHP Warning:  mkdir(): No such file or directory in /var/www/html/admin/controller/common/security.php on line 283
2026-01-08 08:38:05 - PHP Warning:  mkdir(): No such file or directory in /var/www/html/admin/controller/common/security.php on line 283
2026-01-08 08:38:05 - PHP Warning:  mkdir(): No such file or directory in /var/www/html/admin/controller/common/security.php on line 283
2026-01-08 08:38:05 - PHP Warning:  mkdir(): No such file or directory in /var/www/html/admin/controller/common/security.php on line 283
2026-01-08 08:38:05 - PHP Warning:  mkdir(): No such file or directory in /var/www/html/admin/controller/common/security.php on line 283
2026-01-08 08:38:05 - PHP Warning:  mkdir(): No such file or directory in /var/www/html/admin/controller/common/security.php on line 283
2026-01-08 08:38:05 - PHP Warning:  mkdir(): No such file or directory in /var/www/html/admin/controller/common/security.php on line 283
2026-01-08 08:38:05 - PHP Warning:  mkdir(): No such file or directory in /var/www/html/admin/controller/common/security.php on line 283
2026-01-08 08:38:05 - PHP Warning:  mkdir(): No such file or directory in /var/www/html/admin/controller/common/security.php on line 283
2026-01-08 08:38:05 - PHP Warning:  mkdir(): No such file or directory in /var/www/html/admin/controller/common/security.php on line 283
2026-01-08 08:38:05 - PHP Warning:  mkdir(): No such file or directory in /var/www/html/admin/controller/common/security.php on line 283
2026-01-08 08:38:05 - PHP Warning:  mkdir(): No such file or directory in /var/www/html/admin/controller/common/security.php on line 283
2026-01-08 08:38:05 - PHP Warning:  mkdir(): No such file or directory in /var/www/html/admin/controller/common/security.php on line 283
2026-01-08 08:38:05 - PHP Warning:  mkdir(): No such file or directory in /var/www/html/admin/controller/common/security.php on line 283
2026-01-08 08:38:05 - PHP Warning:  mkdir(): No such file or directory in /var/www/html/admin/controller/common/security.php on line 283
2026-01-08 08:38:05 - PHP Warning:  mkdir(): No such file or directory in /var/www/html/admin/controller/common/security.php on line 283
2026-01-08 08:38:05 - PHP Warning:  mkdir(): No such file or directory in /var/www/html/admin/controller/common/security.php on line 283
2026-01-08 08:38:05 - PHP Warning:  mkdir(): No such file or directory in /var/www/html/admin/controller/common/security.php on line 283
2026-01-08 08:38:05 - PHP Warning:  mkdir(): No such file or directory in /var/www/html/admin/controller/common/security.php on line 283
2026-01-08 08:38:05 - PHP Warning:  mkdir(): No such file or directory in /var/www/html/admin/controller/common/security.php on line 283
2026-01-08 08:38:05 - PHP Warning:  mkdir(): No such file or directory in /var/www/html/admin/controller/common/security.php on line 283
2026-01-08 08:38:05 - PHP Warning:  mkdir(): No such file or directory in /var/www/html/admin/controller/common/security.php on line 283
2026-01-08 08:38:05 - PHP Warning:  mkdir(): No such file or directory in /var/www/html/admin/controller/common/security.php on line 283
2026-01-08 08:38:05 - PHP Warning:  mkdir(): No such file or directory in /var/www/html/admin/controller/common/security.php on line 283
2026-01-08 08:38:05 - PHP Warning:  mkdir(): No such file or directory in /var/www/html/admin/controller/common/security.php on line 283
2026-01-08 08:38:05 - PHP Warning:  mkdir(): No such file or directory in /var/www/html/admin/controller/common/security.php on line 283
2026-01-08 08:38:05 - PHP Warning:  mkdir(): No such file or directory in /var/www/html/admin/controller/common/security.php on line 283
2026-01-08 08:38:05 - PHP Warning:  mkdir(): No such file or directory in /var/www/html/admin/controller/common/security.php on line 283
2026-01-08 08:38:05 - PHP Warning:  mkdir(): No such file or directory in /var/www/html/admin/controller/common/security.php on line 283
2026-01-08 08:38:05 - PHP Warning:  mkdir(): No such file or directory in /var/www/html/admin/controller/common/security.php on line 283
2026-01-08 08:38:05 - PHP Warning:  mkdir(): No such file or directory in /var/www/html/admin/controller/common/security.php on line 283
2026-01-08 08:38:05 - PHP Warning:  mkdir(): No such file or directory in /var/www/html/admin/controller/common/security.php on line 283
2026-01-08 08:38:05 - PHP Warning:  mkdir(): No such file or directory in /var/www/html/admin/controller/common/security.php on line 283
2026-01-08 08:38:05 - PHP Warning:  mkdir(): No such file or directory in /var/www/html/admin/controller/common/security.php on line 283
2026-01-08 08:38:05 - PHP Warning:  mkdir(): No such file or directory in /var/www/html/admin/controller/common/security.php on line 283
2026-01-08 08:38:05 - PHP Warning:  mkdir(): No such file or directory in /var/www/html/admin/controller/common/security.php on line 283
2026-01-08 08:38:05 - PHP Warning:  mkdir(): No such file or directory in /var/www/html/admin/controller/common/security.php on line 283
2026-01-08 08:38:05 - PHP Warning:  mkdir(): No such file or directory in /var/www/html/admin/controller/common/security.php on line 283
2026-01-08 08:38:05 - PHP Warning:  mkdir(): No such file or directory in /var/www/html/admin/controller/common/security.php on line 283
2026-01-08 08:38:05 - PHP Warning:  mkdir(): No such file or directory in /var/www/html/admin/controller/common/security.php on line 283
2026-01-08 08:38:05 - PHP Warning:  mkdir(): No such file or directory in /var/www/html/admin/controller/common/security.php on line 283
2026-01-08 08:38:05 - PHP Warning:  mkdir(): No such file or directory in /var/www/html/admin/controller/common/security.php on line 283
2026-01-08 08:38:05 - PHP Warning:  mkdir(): No such file or directory in /var/www/html/admin/controller/common/security.php on line 283
2026-01-08 08:38:05 - PHP Warning:  mkdir(): No such file or directory in /var/www/html/admin/controller/common/security.php on line 283
2026-01-08 08:38:05 - PHP Warning:  mkdir(): No such file or directory in /var/www/html/admin/controller/common/security.php on line 283
2026-01-08 08:38:05 - PHP Warning:  mkdir(): No such file or directory in /var/www/html/admin/controller/common/security.php on line 283
2026-01-08 08:38:05 - PHP Warning:  mkdir(): No such file or directory in /var/www/html/admin/controller/common/security.php on line 283
2026-01-08 08:38:05 - PHP Warning:  mkdir(): No such file or directory in /var/www/html/admin/controller/common/security.php on line 283
2026-01-08 08:38:05 - PHP Warning:  mkdir(): No such file or directory in /var/www/html/admin/controller/common/security.php on line 283
2026-01-08 08:38:05 - PHP Warning:  copy(/var/www/storage/vendor/bin/jp.php): Failed to open stream: No such file or directory in /var/www/html/admin/controller/common/security.php on line 288
2026-01-08 08:38:05 - PHP Warning:  mkdir(): No such file or directory in /var/www/html/admin/controller/common/security.php on line 283
2026-01-08 08:38:05 - PHP Warning:  mkdir(): No such file or directory in /var/www/html/admin/controller/common/security.php on line 283
2026-01-08 08:38:05 - PHP Warning:  copy(/var/www/storage/vendor/bin/jp.php.bat): Failed to open stream: No such file or directory in /var/www/html/admin/controller/common/security.php on line 288
2026-01-08 08:38:05 - PHP Warning:  mkdir(): No such file or directory in /var/www/html/admin/controller/common/security.php on line 283
2026-01-08 08:38:05 - PHP Warning:  mkdir(): No such file or directory in /var/www/html/admin/controller/common/security.php on line 283
2026-01-08 08:38:05 - PHP Warning:  copy(/var/www/storage/vendor/bin/pscss): Failed to open stream: No such file or directory in /var/www/html/admin/controller/common/security.php on line 288
2026-01-08 08:38:05 - PHP Warning:  mkdir(): No such file or directory in /var/www/html/admin/controller/common/security.php on line 283
2026-01-08 08:38:05 - PHP Warning:  mkdir(): No such file or directory in /var/www/html/admin/controller/common/security.php on line 283
2026-01-08 08:38:05 - PHP Warning:  copy(/var/www/storage/vendor/bin/pscss.bat): Failed to open stream: No such file or directory in /var/www/html/admin/controller/common/security.php on line 288
2026-01-08 08:38:06 - PHP Warning:  mkdir(): No such file or directory in /var/www/html/admin/controller/common/security.php on line 283
2026-01-08 08:38:06 - PHP Warning:  mkdir(): No such file or directory in /var/www/html/admin/controller/common/security.php on line 283
2026-01-08 08:38:06 - PHP Warning:  copy(/var/www/storage/vendor/composer/ClassLoader.php): Failed to open stream: No such file or directory in /var/www/html/admin/controller/common/security.php on line 288
2026-01-08 08:38:06 - PHP Warning:  mkdir(): No such file or directory in /var/www/html/admin/controller/common/security.php on line 283
2026-01-08 08:38:06 - PHP Warning:  mkdir(): No such file or directory in /var/www/html/admin/controller/common/security.php on line 283
2026-01-08 08:38:06 - PHP Warning:  copy(/var/www/storage/vendor/composer/InstalledVersions.php): Failed to open stream: No such file or directory in /var/www/html/admin/controller/common/security.php on line 288
2026-01-08 08:38:06 - PHP Warning:  mkdir(): No such file or directory in /var/www/html/admin/controller/common/security.php on line 283
2026-01-08 08:38:06 - PHP Warning:  mkdir(): No such file or directory in /var/www/html/admin/controller/common/security.php on line 283
2026-01-08 08:38:06 - PHP Warning:  copy(/var/www/storage/vendor/composer/LICENSE): Failed to open stream: No such file or directory in /var/www/html/admin/controller/common/security.php on line 288
2026-01-08 08:38:06 - PHP Warning:  mkdir(): No such file or directory in /var/www/html/admin/controller/common/security.php on line 283
2026-01-08 08:38:06 - PHP Warning:  mkdir(): No such file or directory in /var/www/html/admin/controller/common/security.php on line 283
2026-01-08 08:38:06 - PHP Warning:  copy(/var/www/storage/vendor/composer/autoload_classmap.php): Failed to open stream: No such file or directory in /var/www/html/admin/controller/common/security.php on line 288
2026-01-08 08:38:06 - PHP Warning:  mkdir(): No such file or directory in /var/www/html/admin/controller/common/security.php on line 283
2026-01-08 08:38:06 - PHP Warning:  mkdir(): No such file or directory in /var/www/html/admin/controller/common/security.php on line 283
2026-01-08 08:38:06 - PHP Warning:  copy(/var/www/storage/vendor/composer/autoload_files.php): Failed to open stream: No such file or directory in /var/www/html/admin/controller/common/security.php on line 288
2026-01-08 08:38:06 - PHP Warning:  mkdir(): No such file or directory in /var/www/html/admin/controller/common/security.php on line 283
2026-01-08 08:38:06 - PHP Warning:  mkdir(): No such file or directory in /var/www/html/admin/controller/common/security.php on line 283
2026-01-08 08:38:06 - PHP Warning:  copy(/var/www/storage/vendor/composer/autoload_namespaces.php): Failed to open stream: No such file or directory in /var/www/html/admin/controller/common/security.php on line 288
2026-01-08 08:38:06 - PHP Warning:  mkdir(): No such file or directory in /var/www/html/admin/controller/common/security.php on line 283
2026-01-08 08:38:06 - PHP Warning:  mkdir(): No such file or directory in /var/www/html/admin/controller/common/security.php on line 283
2026-01-08 08:38:06 - PHP Warning:  copy(/var/www/storage/vendor/composer/autoload_psr4.php): Failed to open stream: No such file or directory in /var/www/html/admin/controller/common/security.php on line 288
2026-01-08 08:38:06 - PHP Warning:  mkdir(): No such file or directory in /var/www/html/admin/controller/common/security.php on line 283
2026-01-08 08:38:06 - PHP Warning:  mkdir(): No such file or directory in /var/www/html/admin/controller/common/security.php on line 283
2026-01-08 08:38:06 - PHP Warning:  copy(/var/www/storage/vendor/composer/autoload_real.php): Failed to open stream: No such file or directory in /var/www/html/admin/controller/common/security.php on line 288
2026-01-08 08:38:06 - PHP Warning:  mkdir(): No such file or directory in /var/www/html/admin/controller/common/security.php on line 283
2026-01-08 08:38:06 - PHP Warning:  mkdir(): No such file or directory in /var/www/html/admin/controller/common/security.php on line 283
2026-01-08 08:38:06 - PHP Warning:  copy(/var/www/storage/vendor/composer/autoload_static.php): Failed to open stream: No such file or directory in /var/www/html/admin/controller/common/security.php on line 288
2026-01-08 08:38:06 - PHP Warning:  mkdir(): No such file or directory in /var/www/html/admin/controller/common/security.php on line 283
2026-01-08 08:38:06 - PHP Warning:  mkdir(): No such file or directory in /var/www/html/admin/controller/common/security.php on line 283
2026-01-08 08:38:06 - PHP Warning:  copy(/var/www/storage/vendor/composer/installed.json): Failed to open stream: No such file or directory in /var/www/html/admin/controller/common/security.php on line 288
2026-01-08 08:38:06 - PHP Warning:  mkdir(): No such file or directory in /var/www/html/admin/controller/common/security.php on line 283
2026-01-08 08:38:06 - PHP Warning:  mkdir(): No such file or directory in /var/www/html/admin/controller/common/security.php on line 283
2026-01-08 08:38:06 - PHP Warning:  copy(/var/www/storage/vendor/composer/installed.php): Failed to open stream: No such file or directory in /var/www/html/admin/controller/common/security.php on line 288
2026-01-08 08:38:06 - PHP Warning:  mkdir(): No such file or directory in /var/www/html/admin/controller/common/security.php on line 283
2026-01-08 08:38:06 - PHP Warning:  mkdir(): No such file or directory in /var/www/html/admin/controller/common/security.php on line 283
2026-01-08 08:38:06 - PHP Warning:  copy(/var/www/storage/vendor/composer/platform_check.php): Failed to open stream: No such file or directory in /var/www/html/admin/controller/common/security.php on line 288
2026-01-08 08:38:06 - PHP Warning:  mkdir(): No such file or directory in /var/www/html/admin/controller/common/security.php on line 283
2026-01-08 08:38:06 - PHP Warning:  mkdir(): No such file or directory in /var/www/html/admin/controller/common/security.php on line 283
2026-01-08 08:38:06 - PHP Warning:  mkdir(): No such file or directory in /var/www/html/admin/controller/common/security.php on line 283
2026-01-08 08:38:06 - PHP Warning:  mkdir(): No such file or directory in /var/www/html/admin/controller/common/security.php on line 283
2026-01-08 08:38:06 - PHP Warning:  mkdir(): No such file or directory in /var/www/html/admin/controller/common/security.php on line 283
2026-01-08 08:38:06 - PHP Warning:  mkdir(): No such file or directory in /var/www/html/admin/controller/common/security.php on line 283
2026-01-08 08:38:06 - PHP Warning:  mkdir(): No such file or directory in /var/www/html/admin/controller/common/security.php on line 283
2026-01-08 08:38:06 - PHP Warning:  mkdir(): No such file or directory in /var/www/html/admin/controller/common/security.php on line 283
2026-01-08 08:38:06 - PHP Warning:  mkdir(): No such file or directory in /var/www/html/admin/controller/common/security.php on line 283
2026-01-08 08:38:06 - PHP Warning:  mkdir(): No such file or directory in /var/www/html/admin/controller/common/security.php on line 283
2026-01-08 08:38:06 - PHP Warning:  mkdir(): No such file or directory in /var/www/html/admin/controller/common/security.php on line 283
2026-01-08 08:38:06 - PHP Warning:  mkdir(): No such file or directory in /var/www/html/admin/controller/common/security.php on line 283
2026-01-08 08:38:06 - PHP Warning:  mkdir(): No such file or directory in /var/www/html/admin/controller/common/security.php on line 283
2026-01-08 08:38:06 - PHP Warning:  mkdir(): No such file or directory in /var/www/html/admin/controller/common/security.php on line 283
2026-01-08 08:38:06 - PHP Warning:  mkdir(): No such file or directory in /var/www/html/admin/controller/common/security.php on line 283
2026-01-08 08:38:06 - PHP Warning:  mkdir(): No such file or directory in /var/www/html/admin/controller/common/security.php on line 283
2026-01-08 08:38:06 - PHP Warning:  mkdir(): No such file or directory in /var/www/html/admin/controller/common/security.php on line 283
2026-01-08 08:38:06 - PHP Warning:  mkdir(): No such file or directory in /var/www/html/admin/controller/common/security.php on line 283
2026-01-08 08:38:06 - PHP Warning:  mkdir(): No such file or directory in /var/www/html/admin/controller/common/security.php on line 283
2026-01-08 08:38:06 - PHP Warning:  mkdir(): No such file or directory in /var/www/html/admin/controller/common/security.php on line 283
2026-01-08 08:38:06 - PHP Warning:  mkdir(): No such file or directory in /var/www/html/admin/controller/common/security.php on line 283
2026-01-08 08:38:06 - PHP Warning:  mkdir(): No such file or directory in /var/www/html/admin/controller/common/security.php on line 283
2026-01-08 08:38:06 - PHP Warning:  mkdir(): No such file or directory in /var/www/html/admin/controller/common/security.php on line 283
2026-01-08 08:38:06 - PHP Warning:  mkdir(): No such file or directory in /var/www/html/admin/controller/common/security.php on line 283
2026-01-08 08:38:06 - PHP Warning:  mkdir(): No such file or directory in /var/www/html/admin/controller/common/security.php on line 283
2026-01-08 08:38:06 - PHP Warning:  mkdir(): No such file or directory in /var/www/html/admin/controller/common/security.php on line 283
2026-01-08 08:38:06 - PHP Warning:  mkdir(): No such file or directory in /var/www/html/admin/controller/common/security.php on line 283
2026-01-08 08:38:06 - PHP Warning:  mkdir(): No such file or directory in /var/www/html/admin/controller/common/security.php on line 283
2026-01-08 08:38:06 - PHP Warning:  mkdir(): No such file or directory in /var/www/html/admin/controller/common/security.php on line 283
2026-01-08 08:38:06 - PHP Warning:  mkdir(): No such file or directory in /var/www/html/admin/controller/common/security.php on line 283
2026-01-08 08:38:06 - PHP Warning:  mkdir(): No such file or directory in /var/www/html/admin/controller/common/security.php on line 283
2026-01-08 08:38:06 - PHP Warning:  copy(/var/www/storage/cache/template/0a/0a9f7124ebe826df782f00abc2d808b9.php): Failed to open stream: No such file or directory in /var/www/html/admin/controller/common/security.php on line 288
2026-01-08 08:38:06 - PHP Warning:  mkdir(): No such file or directory in /var/www/html/admin/controller/common/security.php on line 283
2026-01-08 08:38:06 - PHP Warning:  mkdir(): No such file or directory in /var/www/html/admin/controller/common/security.php on line 283
2026-01-08 08:38:06 - PHP Warning:  mkdir(): No such file or directory in /var/www/html/admin/controller/common/security.php on line 283
2026-01-08 08:38:06 - PHP Warning:  copy(/var/www/storage/cache/template/0c/0c84fa44a6d7e3c7c64687253876c6bf.php): Failed to open stream: No such file or directory in /var/www/html/admin/controller/common/security.php on line 288
2026-01-08 08:38:06 - PHP Warning:  mkdir(): No such file or directory in /var/www/html/admin/controller/common/security.php on line 283
2026-01-08 08:38:06 - PHP Warning:  mkdir(): No such file or directory in /var/www/html/admin/controller/common/security.php on line 283
2026-01-08 08:38:06 - PHP Warning:  mkdir(): No such file or directory in /var/www/html/admin/controller/common/security.php on line 283
2026-01-08 08:38:06 - PHP Warning:  copy(/var/www/storage/cache/template/0c/0c8aad7fdcc73fb7ca42cc4edb946cc6.php): Failed to open stream: No such file or directory in /var/www/html/admin/controller/common/security.php on line 288
2026-01-08 08:38:06 - PHP Warning:  mkdir(): No such file or directory in /var/www/html/admin/controller/common/security.php on line 283
2026-01-08 08:38:06 - PHP Warning:  mkdir(): No such file or directory in /var/www/html/admin/controller/common/security.php on line 283
2026-01-08 08:38:06 - PHP Warning:  mkdir(): No such file or directory in /var/www/html/admin/controller/common/security.php on line 283
2026-01-08 08:38:06 - PHP Warning:  copy(/var/www/storage/cache/template/11/11489938ae91f4860136f6611593c2ca.php): Failed to open stream: No such file or directory in /var/www/html/admin/controller/common/security.php on line 288
2026-01-08 08:38:06 - PHP Warning:  mkdir(): No such file or directory in /var/www/html/admin/controller/common/security.php on line 283
2026-01-08 08:38:06 - PHP Warning:  mkdir(): No such file or directory in /var/www/html/admin/controller/common/security.php on line 283
2026-01-08 08:38:06 - PHP Warning:  mkdir(): No such file or directory in /var/www/html/admin/controller/common/security.php on line 283
2026-01-08 08:38:06 - PHP Warning:  copy(/var/www/storage/cache/template/15/15788cf5df76e5e2d1bf04ced1f53485.php): Failed to open stream: No such file or directory in /var/www/html/admin/controller/common/security.php on line 288
2026-01-08 08:38:06 - PHP Warning:  mkdir(): No such file or directory in /var/www/html/admin/controller/common/security.php on line 283
2026-01-08 08:38:06 - PHP Warning:  mkdir(): No such file or directory in /var/www/html/admin/controller/common/security.php on line 283
2026-01-08 08:38:06 - PHP Warning:  mkdir(): No such file or directory in /var/www/html/admin/controller/common/security.php on line 283
2026-01-08 08:38:06 - PHP Warning:  copy(/var/www/storage/cache/template/15/158e38d2afaa48d660003bfd3ee81fb4.php): Failed to open stream: No such file or directory in /var/www/html/admin/controller/common/security.php on line 288
2026-01-08 08:38:06 - PHP Warning:  mkdir(): No such file or directory in /var/www/html/admin/controller/common/security.php on line 283
2026-01-08 08:38:06 - PHP Warning:  mkdir(): No such file or directory in /var/www/html/admin/controller/common/security.php on line 283
2026-01-08 08:38:06 - PHP Warning:  mkdir(): No such file or directory in /var/www/html/admin/controller/common/security.php on line 283
2026-01-08 08:38:06 - PHP Warning:  copy(/var/www/storage/cache/template/16/16938881c49e699893d004a81f30b79a.php): Failed to open stream: No such file or directory in /var/www/html/admin/controller/common/security.php on line 288
2026-01-08 08:38:06 - PHP Warning:  mkdir(): No such file or directory in /var/www/html/admin/controller/common/security.php on line 283
2026-01-08 08:38:06 - PHP Warning:  mkdir(): No such file or directory in /var/www/html/admin/controller/common/security.php on line 283
2026-01-08 08:38:06 - PHP Warning:  mkdir(): No such file or directory in /var/www/html/admin/controller/common/security.php on line 283
2026-01-08 08:38:06 - PHP Warning:  copy(/var/www/storage/cache/template/2a/2a233a88929549c3d56d5ba16d91e520.php): Failed to open stream: No such file or directory in /var/www/html/admin/controller/common/security.php on line 288
2026-01-08 08:38:06 - PHP Warning:  mkdir(): No such file or directory in /var/www/html/admin/controller/common/security.php on line 283
2026-01-08 08:38:06 - PHP Warning:  mkdir(): No such file or directory in /var/www/html/admin/controller/common/security.php on line 283
2026-01-08 08:38:06 - PHP Warning:  mkdir(): No such file or directory in /var/www/html/admin/controller/common/security.php on line 283
2026-01-08 08:38:06 - PHP Warning:  copy(/var/www/storage/cache/template/3c/3c599bf83c6d316d89707551656f7052.php): Failed to open stream: No such file or directory in /var/www/html/admin/controller/common/security.php on line 288
2026-01-08 08:38:06 - PHP Warning:  mkdir(): No such file or directory in /var/www/html/admin/controller/common/security.php on line 283
2026-01-08 08:38:06 - PHP Warning:  mkdir(): No such file or directory in /var/www/html/admin/controller/common/security.php on line 283
2026-01-08 08:38:06 - PHP Warning:  mkdir(): No such file or directory in /var/www/html/admin/controller/common/security.php on line 283
2026-01-08 08:38:06 - PHP Warning:  copy(/var/www/storage/cache/template/3e/3eaf682ef08ba128b923d6f6bf6c7ab8.php): Failed to open stream: No such file or directory in /var/www/html/admin/controller/common/security.php on line 288
2026-01-08 08:38:06 - PHP Warning:  mkdir(): No such file or directory in /var/www/html/admin/controller/common/security.php on line 283
2026-01-08 08:38:06 - PHP Warning:  mkdir(): No such file or directory in /var/www/html/admin/controller/common/security.php on line 283
2026-01-08 08:38:06 - PHP Warning:  mkdir(): No such file or directory in /var/www/html/admin/controller/common/security.php on line 283
2026-01-08 08:38:06 - PHP Warning:  copy(/var/www/storage/cache/template/69/6985f93e7b541f58141f6a5d734ae1de.php): Failed to open stream: No such file or directory in /var/www/html/admin/controller/common/security.php on line 288
2026-01-08 08:38:06 - PHP Warning:  mkdir(): No such file or directory in /var/www/html/admin/controller/common/security.php on line 283
2026-01-08 08:38:06 - PHP Warning:  mkdir(): No such file or directory in /var/www/html/admin/controller/common/security.php on line 283
2026-01-08 08:38:06 - PHP Warning:  mkdir(): No such file or directory in /var/www/html/admin/controller/common/security.php on line 283
2026-01-08 08:38:06 - PHP Warning:  copy(/var/www/storage/cache/template/73/73c73aab0c3587ec6795f996da277c6b.php): Failed to open stream: No such file or directory in /var/www/html/admin/controller/common/security.php on line 288
2026-01-08 08:38:06 - PHP Warning:  mkdir(): No such file or directory in /var/www/html/admin/controller/common/security.php on line 283
2026-01-08 08:38:06 - PHP Warning:  mkdir(): No such file or directory in /var/www/html/admin/controller/common/security.php on line 283
2026-01-08 08:38:06 - PHP Warning:  mkdir(): No such file or directory in /var/www/html/admin/controller/common/security.php on line 283
2026-01-08 08:38:06 - PHP Warning:  copy(/var/www/storage/cache/template/77/77b5ff938e661ec0021df48a0cbf2cbd.php): Failed to open stream: No such file or directory in /var/www/html/admin/controller/common/security.php on line 288
2026-01-08 08:38:06 - PHP Warning:  mkdir(): No such file or directory in /var/www/html/admin/controller/common/security.php on line 283
2026-01-08 08:38:06 - PHP Warning:  mkdir(): No such file or directory in /var/www/html/admin/controller/common/security.php on line 283
2026-01-08 08:38:06 - PHP Warning:  mkdir(): No such file or directory in /var/www/html/admin/controller/common/security.php on line 283
2026-01-08 08:38:06 - PHP Warning:  copy(/var/www/storage/cache/template/7a/7a816951e4d55c21c99a7d4e029446c3.php): Failed to open stream: No such file or directory in /var/www/html/admin/controller/common/security.php on line 288
2026-01-08 08:38:06 - PHP Warning:  mkdir(): No such file or directory in /var/www/html/admin/controller/common/security.php on line 283
2026-01-08 08:38:06 - PHP Warning:  mkdir(): No such file or directory in /var/www/html/admin/controller/common/security.php on line 283
2026-01-08 08:38:06 - PHP Warning:  mkdir(): No such file or directory in /var/www/html/admin/controller/common/security.php on line 283
2026-01-08 08:38:06 - PHP Warning:  copy(/var/www/storage/cache/template/85/855b267854662333e77558d05457e98b.php): Failed to open stream: No such file or directory in /var/www/html/admin/controller/common/security.php on line 288
2026-01-08 08:38:06 - PHP Warning:  mkdir(): No such file or directory in /var/www/html/admin/controller/common/security.php on line 283
2026-01-08 08:38:06 - PHP Warning:  mkdir(): No such file or directory in /var/www/html/admin/controller/common/security.php on line 283
2026-01-08 08:38:06 - PHP Warning:  mkdir(): No such file or directory in /var/www/html/admin/controller/common/security.php on line 283
2026-01-08 08:38:06 - PHP Warning:  copy(/var/www/storage/cache/template/8a/8a92133d622c2e62af88d9411e0d5029.php): Failed to open stream: No such file or directory in /var/www/html/admin/controller/common/security.php on line 288
2026-01-08 08:38:06 - PHP Warning:  mkdir(): No such file or directory in /var/www/html/admin/controller/common/security.php on line 283
2026-01-08 08:38:06 - PHP Warning:  mkdir(): No such file or directory in /var/www/html/admin/controller/common/security.php on line 283
2026-01-08 08:38:06 - PHP Warning:  mkdir(): No such file or directory in /var/www/html/admin/controller/common/security.php on line 283
2026-01-08 08:38:06 - PHP Warning:  copy(/var/www/storage/cache/template/8b/8b8efdf71868546f49b19c7680221c81.php): Failed to open stream: No such file or directory in /var/www/html/admin/controller/common/security.php on line 288
2026-01-08 08:38:06 - PHP Warning:  mkdir(): No such file or directory in /var/www/html/admin/controller/common/security.php on line 283
2026-01-08 08:38:06 - PHP Warning:  mkdir(): No such file or directory in /var/www/html/admin/controller/common/security.php on line 283
2026-01-08 08:38:06 - PHP Warning:  mkdir(): No such file or directory in /var/www/html/admin/controller/common/security.php on line 283
2026-01-08 08:38:06 - PHP Warning:  copy(/var/www/storage/cache/template/9b/9b9f7eab1350d6a13a0e62db331531cc.php): Failed to open stream: No such file or directory in /var/www/html/admin/controller/common/security.php on line 288
2026-01-08 08:38:06 - PHP Warning:  mkdir(): No such file or directory in /var/www/html/admin/controller/common/security.php on line 283
2026-01-08 08:38:06 - PHP Warning:  mkdir(): No such file or directory in /var/www/html/admin/controller/common/security.php on line 283
2026-01-08 08:38:06 - PHP Warning:  mkdir(): No such file or directory in /var/www/html/admin/controller/common/security.php on line 283
2026-01-08 08:38:06 - PHP Warning:  copy(/var/www/storage/cache/template/9b/9ba992cee1c6a82b06c42777b145d127.php): Failed to open stream: No such file or directory in /var/www/html/admin/controller/common/security.php on line 288
2026-01-08 08:38:06 - PHP Warning:  mkdir(): No such file or directory in /var/www/html/admin/controller/common/security.php on line 283
2026-01-08 08:38:06 - PHP Warning:  mkdir(): No such file or directory in /var/www/html/admin/controller/common/security.php on line 283
2026-01-08 08:38:06 - PHP Warning:  mkdir(): No such file or directory in /var/www/html/admin/controller/common/security.php on line 283
2026-01-08 08:38:06 - PHP Warning:  copy(/var/www/storage/cache/template/a5/a53f85910e7dff98465fbc5d84f73d6b.php): Failed to open stream: No such file or directory in /var/www/html/admin/controller/common/security.php on line 288
2026-01-08 08:38:06 - PHP Warning:  mkdir(): No such file or directory in /var/www/html/admin/controller/common/security.php on line 283
2026-01-08 08:38:06 - PHP Warning:  mkdir(): No such file or directory in /var/www/html/admin/controller/common/security.php on line 283
2026-01-08 08:38:06 - PHP Warning:  mkdir(): No such file or directory in /var/www/html/admin/controller/common/security.php on line 283
2026-01-08 08:38:06 - PHP Warning:  copy(/var/www/storage/cache/template/ae/ae2f2b45b10c2772ca08390274b04259.php): Failed to open stream: No such file or directory in /var/www/html/admin/controller/common/security.php on line 288
2026-01-08 08:38:06 - PHP Warning:  mkdir(): No such file or directory in /var/www/html/admin/controller/common/security.php on line 283
2026-01-08 08:38:06 - PHP Warning:  mkdir(): No such file or directory in /var/www/html/admin/controller/common/security.php on line 283
2026-01-08 08:38:06 - PHP Warning:  mkdir(): No such file or directory in /var/www/html/admin/controller/common/security.php on line 283
2026-01-08 08:38:06 - PHP Warning:  copy(/var/www/storage/cache/template/b7/b7be552964d49d56468956087527da14.php): Failed to open stream: No such file or directory in /var/www/html/admin/controller/common/security.php on line 288
2026-01-08 08:38:06 - PHP Warning:  mkdir(): No such file or directory in /var/www/html/admin/controller/common/security.php on line 283
2026-01-08 08:38:06 - PHP Warning:  mkdir(): No such file or directory in /var/www/html/admin/controller/common/security.php on line 283
2026-01-08 08:38:06 - PHP Warning:  mkdir(): No such file or directory in /var/www/html/admin/controller/common/security.php on line 283
2026-01-08 08:38:06 - PHP Warning:  copy(/var/www/storage/cache/template/bb/bb083b4b3947b43ee3820246bdc9b068.php): Failed to open stream: No such file or directory in /var/www/html/admin/controller/common/security.php on line 288
2026-01-08 08:38:06 - PHP Warning:  mkdir(): No such file or directory in /var/www/html/admin/controller/common/security.php on line 283
2026-01-08 08:38:06 - PHP Warning:  mkdir(): No such file or directory in /var/www/html/admin/controller/common/security.php on line 283
2026-01-08 08:38:06 - PHP Warning:  mkdir(): No such file or directory in /var/www/html/admin/controller/common/security.php on line 283
2026-01-08 08:38:06 - PHP Warning:  copy(/var/www/storage/cache/template/bd/bd166f48d0d82e51a0040309449f8d06.php): Failed to open stream: No such file or directory in /var/www/html/admin/controller/common/security.php on line 288
2026-01-08 08:38:06 - PHP Warning:  mkdir(): No such file or directory in /var/www/html/admin/controller/common/security.php on line 283
2026-01-08 08:38:06 - PHP Warning:  mkdir(): No such file or directory in /var/www/html/admin/controller/common/security.php on line 283
2026-01-08 08:38:06 - PHP Warning:  mkdir(): No such file or directory in /var/www/html/admin/controller/common/security.php on line 283
2026-01-08 08:38:06 - PHP Warning:  copy(/var/www/storage/cache/template/be/be9c56c0d02744ddcf4dfbfbc007949d.php): Failed to open stream: No such file or directory in /var/www/html/admin/controller/common/security.php on line 288
2026-01-08 08:38:06 - PHP Warning:  mkdir(): No such file or directory in /var/www/html/admin/controller/common/security.php on line 283
2026-01-08 08:38:06 - PHP Warning:  mkdir(): No such file or directory in /var/www/html/admin/controller/common/security.php on line 283
2026-01-08 08:38:06 - PHP Warning:  mkdir(): No such file or directory in /var/www/html/admin/controller/common/security.php on line 283
2026-01-08 08:38:06 - PHP Warning:  copy(/var/www/storage/cache/template/bf/bfe3764aaa4278f666af3b147d72639a.php): Failed to open stream: No such file or directory in /var/www/html/admin/controller/common/security.php on line 288
2026-01-08 08:38:06 - PHP Warning:  mkdir(): No such file or directory in /var/www/html/admin/controller/common/security.php on line 283
2026-01-08 08:38:06 - PHP Warning:  mkdir(): No such file or directory in /var/www/html/admin/controller/common/security.php on line 283
2026-01-08 08:38:06 - PHP Warning:  mkdir(): No such file or directory in /var/www/html/admin/controller/common/security.php on line 283
2026-01-08 08:38:06 - PHP Warning:  copy(/var/www/storage/cache/template/c5/c59bc741198a05113e5c1dec902b3dc1.php): Failed to open stream: No such file or directory in /var/www/html/admin/controller/common/security.php on line 288
2026-01-08 08:38:06 - PHP Warning:  mkdir(): No such file or directory in /var/www/html/admin/controller/common/security.php on line 283
2026-01-08 08:38:06 - PHP Warning:  mkdir(): No such file or directory in /var/www/html/admin/controller/common/security.php on line 283
2026-01-08 08:38:06 - PHP Warning:  mkdir(): No such file or directory in /var/www/html/admin/controller/common/security.php on line 283
2026-01-08 08:38:06 - PHP Warning:  copy(/var/www/storage/cache/template/c5/c5ec0124e3830b27790fa6f6b9f0903f.php): Failed to open stream: No such file or directory in /var/www/html/admin/controller/common/security.php on line 288
2026-01-08 08:38:06 - PHP Warning:  mkdir(): No such file or directory in /var/www/html/admin/controller/common/security.php on line 283
2026-01-08 08:38:06 - PHP Warning:  mkdir(): No such file or directory in /var/www/html/admin/controller/common/security.php on line 283
2026-01-08 08:38:06 - PHP Warning:  mkdir(): No such file or directory in /var/www/html/admin/controller/common/security.php on line 283
2026-01-08 08:38:06 - PHP Warning:  copy(/var/www/storage/cache/template/dd/dde2c639126b4fbf89e41e5f931154f1.php): Failed to open stream: No such file or directory in /var/www/html/admin/controller/common/security.php on line 288
2026-01-08 08:38:06 - PHP Warning:  mkdir(): No such file or directory in /var/www/html/admin/controller/common/security.php on line 283
2026-01-08 08:38:06 - PHP Warning:  mkdir(): No such file or directory in /var/www/html/admin/controller/common/security.php on line 283
2026-01-08 08:38:06 - PHP Warning:  mkdir(): No such file or directory in /var/www/html/admin/controller/common/security.php on line 283
2026-01-08 08:38:06 - PHP Warning:  copy(/var/www/storage/cache/template/fe/fe0ba2bb9e8a27e8af0f672cf45a8270.php): Failed to open stream: No such file or directory in /var/www/html/admin/controller/common/security.php on line 288
2026-01-08 08:38:06 - PHP Warning:  mkdir(): No such file or directory in /var/www/html/admin/controller/common/security.php on line 283
2026-01-08 08:38:06 - PHP Warning:  mkdir(): No such file or directory in /var/www/html/admin/controller/common/security.php on line 283
2026-01-08 08:38:06 - PHP Warning:  mkdir(): No such file or directory in /var/www/html/admin/controller/common/security.php on line 283
2026-01-08 08:38:06 - PHP Warning:  copy(/var/www/storage/cache/template/ff/ff9e74996376bb4878e3b4700178650a.php): Failed to open stream: No such file or directory in /var/www/html/admin/controller/common/security.php on line 288
2026-01-08 08:38:06 - PHP Warning:  mkdir(): No such file or directory in /var/www/html/admin/controller/common/security.php on line 283
2026-01-08 08:38:06 - PHP Warning:  mkdir(): No such file or directory in /var/www/html/admin/controller/common/security.php on line 283
2026-01-08 08:38:06 - PHP Warning:  mkdir(): No such file or directory in /var/www/html/admin/controller/common/security.php on line 283
2026-01-08 08:38:06 - PHP Warning:  copy(/var/www/storage/vendor/aws/aws-crt-php/CODE_OF_CONDUCT.md): Failed to open stream: No such file or directory in /var/www/html/admin/controller/common/security.php on line 288
2026-01-08 08:38:06 - PHP Warning:  mkdir(): No such file or directory in /var/www/html/admin/controller/common/security.php on line 283
2026-01-08 08:38:06 - PHP Warning:  mkdir(): No such file or directory in /var/www/html/admin/controller/common/security.php on line 283
2026-01-08 08:38:06 - PHP Warning:  mkdir(): No such file or directory in /var/www/html/admin/controller/common/security.php on line 283
2026-01-08 08:38:06 - PHP Warning:  copy(/var/www/storage/vendor/aws/aws-crt-php/LICENSE): Failed to open stream: No such file or directory in /var/www/html/admin/controller/common/security.php on line 288
2026-01-08 08:38:06 - PHP Warning:  mkdir(): No such file or directory in /var/www/html/admin/controller/common/security.php on line 283
2026-01-08 08:38:06 - PHP Warning:  mkdir(): No such file or directory in /var/www/html/admin/controller/common/security.php on line 283
2026-01-08 08:38:06 - PHP Warning:  mkdir(): No such file or directory in /var/www/html/admin/controller/common/security.php on line 283
2026-01-08 08:38:06 - PHP Warning:  copy(/var/www/storage/vendor/aws/aws-crt-php/NOTICE): Failed to open stream: No such file or directory in /var/www/html/admin/controller/common/security.php on line 288
2026-01-08 08:38:06 - PHP Warning:  mkdir(): No such file or directory in /var/www/html/admin/controller/common/security.php on line 283
2026-01-08 08:38:06 - PHP Warning:  mkdir(): No such file or directory in /var/www/html/admin/controller/common/security.php on line 283
2026-01-08 08:38:06 - PHP Warning:  mkdir(): No such file or directory in /var/www/html/admin/controller/common/security.php on line 283
2026-01-08 08:38:06 - PHP Warning:  copy(/var/www/storage/vendor/aws/aws-crt-php/README.md): Failed to open stream: No such file or directory in /var/www/html/admin/controller/common/security.php on line 288
2026-01-08 08:38:06 - PHP Warning:  mkdir(): No such file or directory in /var/www/html/admin/controller/common/security.php on line 283
2026-01-08 08:38:06 - PHP Warning:  mkdir(): No such file or directory in /var/www/html/admin/controller/common/security.php on line 283
2026-01-08 08:38:06 - PHP Warning:  mkdir(): No such file or directory in /var/www/html/admin/controller/common/security.php on line 283
2026-01-08 08:38:06 - PHP Warning:  copy(/var/www/storage/vendor/aws/aws-crt-php/composer.json): Failed to open stream: No such file or directory in /var/www/html/admin/controller/common/security.php on line 288
2026-01-08 08:38:06 - PHP Warning:  mkdir(): No such file or directory in /var/www/html/admin/controller/common/security.php on line 283
2026-01-08 08:38:06 - PHP Warning:  mkdir(): No such file or directory in /var/www/html/admin/controller/common/security.php on line 283
2026-01-08 08:38:06 - PHP Warning:  mkdir(): No such file or directory in /var/www/html/admin/controller/common/security.php on line 283
2026-01-08 08:38:06 - PHP Warning:  copy(/var/www/storage/vendor/aws/aws-crt-php/format-check.py): Failed to open stream: No such file or directory in /var/www/html/admin/controller/common/security.php on line 288
2026-01-08 08:38:06 - PHP Warning:  mkdir(): No such file or directory in /var/www/html/admin/controller/common/security.php on line 283
2026-01-08 08:38:06 - PHP Warning:  mkdir(): No such file or directory in /var/www/html/admin/controller/common/security.php on line 283
2026-01-08 08:38:06 - PHP Warning:  mkdir(): No such file or directory in /var/www/html/admin/controller/common/security.php on line 283
2026-01-08 08:38:06 - PHP Warning:  mkdir(): No such file or directory in /var/www/html/admin/controller/common/security.php on line 283
2026-01-08 08:38:06 - PHP Warning:  mkdir(): No such file or directory in /var/www/html/admin/controller/common/security.php on line 283
2026-01-08 08:38:06 - PHP Warning:  mkdir(): No such file or directory in /var/www/html/admin/controller/common/security.php on line 283
2026-01-08 08:38:06 - PHP Warning:  copy(/var/www/storage/vendor/aws/aws-sdk-php/CODE_OF_CONDUCT.md): Failed to open stream: No such file or directory in /var/www/html/admin/controller/common/security.php on line 288
2026-01-08 08:38:06 - PHP Warning:  mkdir(): No such file or directory in /var/www/html/admin/controller/common/security.php on line 283
2026-01-08 08:38:06 - PHP Warning:  mkdir(): No such file or directory in /var/www/html/admin/controller/common/security.php on line 283
2026-01-08 08:38:06 - PHP Warning:  mkdir(): No such file or directory in /var/www/html/admin/controller/common/security.php on line 283
2026-01-08 08:38:06 - PHP Warning:  copy(/var/www/storage/vendor/aws/aws-sdk-php/CRT_INSTRUCTIONS.md): Failed to open stream: No such file or directory in /var/www/html/admin/controller/common/security.php on line 288
2026-01-08 08:38:06 - PHP Warning:  mkdir(): No such file or directory in /var/www/html/admin/controller/common/security.php on line 283
2026-01-08 08:38:06 - PHP Warning:  mkdir(): No such file or directory in /var/www/html/admin/controller/common/security.php on line 283
2026-01-08 08:38:06 - PHP Warning:  mkdir(): No such file or directory in /var/www/html/admin/controller/common/security.php on line 283
2026-01-08 08:38:06 - PHP Warning:  copy(/var/www/storage/vendor/aws/aws-sdk-php/LICENSE): Failed to open stream: No such file or directory in /var/www/html/admin/controller/common/security.php on line 288
2026-01-08 08:38:06 - PHP Warning:  mkdir(): No such file or directory in /var/www/html/admin/controller/common/security.php on line 283
2026-01-08 08:38:06 - PHP Warning:  mkdir(): No such file or directory in /var/www/html/admin/controller/common/security.php on line 283
2026-01-08 08:38:06 - PHP Warning:  mkdir(): No such file or directory in /var/www/html/admin/controller/common/security.php on line 283
2026-01-08 08:38:06 - PHP Warning:  copy(/var/www/storage/vendor/aws/aws-sdk-php/NOTICE): Failed to open stream: No such file or directory in /var/www/html/admin/controller/common/security.php on line 288
2026-01-08 08:38:06 - PHP Warning:  mkdir(): No such file or directory in /var/www/html/admin/controller/common/security.php on line 283
2026-01-08 08:38:06 - PHP Warning:  mkdir(): No such file or directory in /var/www/html/admin/controller/common/security.php on line 283
2026-01-08 08:38:06 - PHP Warning:  mkdir(): No such file or directory in /var/www/html/admin/controller/common/security.php on line 283
2026-01-08 08:38:06 - PHP Warning:  copy(/var/www/storage/vendor/aws/aws-sdk-php/THIRD-PARTY-LICENSES): Failed to open stream: No such file or directory in /var/www/html/admin/controller/common/security.php on line 288
2026-01-08 08:38:07 - PHP Warning:  mkdir(): No such file or directory in /var/www/html/admin/controller/common/security.php on line 283
2026-01-08 08:38:07 - PHP Warning:  mkdir(): No such file or directory in /var/www/html/admin/controller/common/security.php on line 283
2026-01-08 08:38:07 - PHP Warning:  mkdir(): No such file or directory in /var/www/html/admin/controller/common/security.php on line 283
2026-01-08 08:38:07 - PHP Warning:  copy(/var/www/storage/vendor/aws/aws-sdk-php/composer.json): Failed to open stream: No such file or directory in /var/www/html/admin/controller/common/security.php on line 288
2026-01-08 08:38:07 - PHP Warning:  mkdir(): No such file or directory in /var/www/html/admin/controller/common/security.php on line 283
2026-01-08 08:38:07 - PHP Warning:  mkdir(): No such file or directory in /var/www/html/admin/controller/common/security.php on line 283
2026-01-08 08:38:07 - PHP Warning:  mkdir(): No such file or directory in /var/www/html/admin/controller/common/security.php on line 283
2026-01-08 08:38:07 - PHP Warning:  mkdir(): No such file or directory in /var/www/html/admin/controller/common/security.php on line 283
2026-01-08 08:38:07 - PHP Warning:  mkdir(): No such file or directory in /var/www/html/admin/controller/common/security.php on line 283
2026-01-08 08:38:07 - PHP Warning:  mkdir(): No such file or directory in /var/www/html/admin/controller/common/security.php on line 283
2026-01-08 08:38:07 - PHP Warning:  copy(/var/www/storage/vendor/guzzlehttp/guzzle/CHANGELOG.md): Failed to open stream: No such file or directory in /var/www/html/admin/controller/common/security.php on line 288
2026-01-08 08:38:07 - PHP Warning:  mkdir(): No such file or directory in /var/www/html/admin/controller/common/security.php on line 283
2026-01-08 08:38:07 - PHP Warning:  mkdir(): No such file or directory in /var/www/html/admin/controller/common/security.php on line 283
2026-01-08 08:38:07 - PHP Warning:  mkdir(): No such file or directory in /var/www/html/admin/controller/common/security.php on line 283
2026-01-08 08:38:07 - PHP Warning:  copy(/var/www/storage/vendor/guzzlehttp/guzzle/LICENSE): Failed to open stream: No such file or directory in /var/www/html/admin/controller/common/security.php on line 288
2026-01-08 08:38:07 - PHP Warning:  mkdir(): No such file or directory in /var/www/html/admin/controller/common/security.php on line 283
2026-01-08 08:38:07 - PHP Warning:  mkdir(): No such file or directory in /var/www/html/admin/controller/common/security.php on line 283
2026-01-08 08:38:07 - PHP Warning:  mkdir(): No such file or directory in /var/www/html/admin/controller/common/security.php on line 283
2026-01-08 08:38:07 - PHP Warning:  copy(/var/www/storage/vendor/guzzlehttp/guzzle/README.md): Failed to open stream: No such file or directory in /var/www/html/admin/controller/common/security.php on line 288
2026-01-08 08:38:07 - PHP Warning:  mkdir(): No such file or directory in /var/www/html/admin/controller/common/security.php on line 283
2026-01-08 08:38:07 - PHP Warning:  mkdir(): No such file or directory in /var/www/html/admin/controller/common/security.php on line 283
2026-01-08 08:38:07 - PHP Warning:  mkdir(): No such file or directory in /var/www/html/admin/controller/common/security.php on line 283
2026-01-08 08:38:07 - PHP Warning:  copy(/var/www/storage/vendor/guzzlehttp/guzzle/UPGRADING.md): Failed to open stream: No such file or directory in /var/www/html/admin/controller/common/security.php on line 288
2026-01-08 08:38:07 - PHP Warning:  mkdir(): No such file or directory in /var/www/html/admin/controller/common/security.php on line 283
2026-01-08 08:38:07 - PHP Warning:  mkdir(): No such file or directory in /var/www/html/admin/controller/common/security.php on line 283
2026-01-08 08:38:07 - PHP Warning:  mkdir(): No such file or directory in /var/www/html/admin/controller/common/security.php on line 283
2026-01-08 08:38:07 - PHP Warning:  copy(/var/www/storage/vendor/guzzlehttp/guzzle/composer.json): Failed to open stream: No such file or directory in /var/www/html/admin/controller/common/security.php on line 288
2026-01-08 08:38:07 - PHP Warning:  mkdir(): No such file or directory in /var/www/html/admin/controller/common/security.php on line 283
2026-01-08 08:38:07 - PHP Warning:  mkdir(): No such file or directory in /var/www/html/admin/controller/common/security.php on line 283
2026-01-08 08:38:07 - PHP Warning:  mkdir(): No such file or directory in /var/www/html/admin/controller/common/security.php on line 283
2026-01-08 08:38:07 - PHP Warning:  mkdir(): No such file or directory in /var/www/html/admin/controller/common/security.php on line 283
2026-01-08 08:38:07 - PHP Warning:  mkdir(): No such file or directory in /var/www/html/admin/controller/common/security.php on line 283
2026-01-08 08:38:07 - PHP Warning:  mkdir(): No such file or directory in /var/www/html/admin/controller/common/security.php on line 283
2026-01-08 08:38:07 - PHP Warning:  copy(/var/www/storage/vendor/guzzlehttp/promises/CHANGELOG.md): Failed to open stream: No such file or directory in /var/www/html/admin/controller/common/security.php on line 288
2026-01-08 08:38:07 - PHP Warning:  mkdir(): No such file or directory in /var/www/html/admin/controller/common/security.php on line 283
2026-01-08 08:38:07 - PHP Warning:  mkdir(): No such file or directory in /var/www/html/admin/controller/common/security.php on line 283
2026-01-08 08:38:07 - PHP Warning:  mkdir(): No such file or directory in /var/www/html/admin/controller/common/security.php on line 283
2026-01-08 08:38:07 - PHP Warning:  copy(/var/www/storage/vendor/guzzlehttp/promises/LICENSE): Failed to open stream: No such file or directory in /var/www/html/admin/controller/common/security.php on line 288
2026-01-08 08:38:07 - PHP Warning:  mkdir(): No such file or directory in /var/www/html/admin/controller/common/security.php on line 283
2026-01-08 08:38:07 - PHP Warning:  mkdir(): No such file or directory in /var/www/html/admin/controller/common/security.php on line 283
2026-01-08 08:38:07 - PHP Warning:  mkdir(): No such file or directory in /var/www/html/admin/controller/common/security.php on line 283
2026-01-08 08:38:07 - PHP Warning:  copy(/var/www/storage/vendor/guzzlehttp/promises/README.md): Failed to open stream: No such file or directory in /var/www/html/admin/controller/common/security.php on line 288
2026-01-08 08:38:07 - PHP Warning:  mkdir(): No such file or directory in /var/www/html/admin/controller/common/security.php on line 283
2026-01-08 08:38:07 - PHP Warning:  mkdir(): No such file or directory in /var/www/html/admin/controller/common/security.php on line 283
2026-01-08 08:38:07 - PHP Warning:  mkdir(): No such file or directory in /var/www/html/admin/controller/common/security.php on line 283
2026-01-08 08:38:07 - PHP Warning:  copy(/var/www/storage/vendor/guzzlehttp/promises/composer.json): Failed to open stream: No such file or directory in /var/www/html/admin/controller/common/security.php on line 288
2026-01-08 08:38:07 - PHP Warning:  mkdir(): No such file or directory in /var/www/html/admin/controller/common/security.php on line 283
2026-01-08 08:38:07 - PHP Warning:  mkdir(): No such file or directory in /var/www/html/admin/controller/common/security.php on line 283
2026-01-08 08:38:07 - PHP Warning:  mkdir(): No such file or directory in /var/www/html/admin/controller/common/security.php on line 283
2026-01-08 08:38:07 - PHP Warning:  mkdir(): No such file or directory in /var/www/html/admin/controller/common/security.php on line 283
2026-01-08 08:38:07 - PHP Warning:  mkdir(): No such file or directory in /var/www/html/admin/controller/common/security.php on line 283
2026-01-08 08:38:07 - PHP Warning:  mkdir(): No such file or directory in /var/www/html/admin/controller/common/security.php on line 283
2026-01-08 08:38:07 - PHP Warning:  copy(/var/www/storage/vendor/guzzlehttp/psr7/CHANGELOG.md): Failed to open stream: No such file or directory in /var/www/html/admin/controller/common/security.php on line 288
2026-01-08 08:38:07 - PHP Warning:  mkdir(): No such file or directory in /var/www/html/admin/controller/common/security.php on line 283
2026-01-08 08:38:07 - PHP Warning:  mkdir(): No such file or directory in /var/www/html/admin/controller/common/security.php on line 283
2026-01-08 08:38:07 - PHP Warning:  mkdir(): No such file or directory in /var/www/html/admin/controller/common/security.php on line 283
2026-01-08 08:38:07 - PHP Warning:  copy(/var/www/storage/vendor/guzzlehttp/psr7/LICENSE): Failed to open stream: No such file or directory in /var/www/html/admin/controller/common/security.php on line 288
2026-01-08 08:38:07 - PHP Warning:  mkdir(): No such file or directory in /var/www/html/admin/controller/common/security.php on line 283
2026-01-08 08:38:07 - PHP Warning:  mkdir(): No such file or directory in /var/www/html/admin/controller/common/security.php on line 283
2026-01-08 08:38:07 - PHP Warning:  mkdir(): No such file or directory in /var/www/html/admin/controller/common/security.php on line 283
2026-01-08 08:38:07 - PHP Warning:  copy(/var/www/storage/vendor/guzzlehttp/psr7/README.md): Failed to open stream: No such file or directory in /var/www/html/admin/controller/common/security.php on line 288
2026-01-08 08:38:07 - PHP Warning:  mkdir(): No such file or directory in /var/www/html/admin/controller/common/security.php on line 283
2026-01-08 08:38:07 - PHP Warning:  mkdir(): No such file or directory in /var/www/html/admin/controller/common/security.php on line 283
2026-01-08 08:38:07 - PHP Warning:  mkdir(): No such file or directory in /var/www/html/admin/controller/common/security.php on line 283
2026-01-08 08:38:07 - PHP Warning:  copy(/var/www/storage/vendor/guzzlehttp/psr7/composer.json): Failed to open stream: No such file or directory in /var/www/html/admin/controller/common/security.php on line 288
2026-01-08 08:38:07 - PHP Warning:  mkdir(): No such file or directory in /var/www/html/admin/controller/common/security.php on line 283
2026-01-08 08:38:07 - PHP Warning:  mkdir(): No such file or directory in /var/www/html/admin/controller/common/security.php on line 283
2026-01-08 08:38:07 - PHP Warning:  mkdir(): No such file or directory in /var/www/html/admin/controller/common/security.php on line 283
2026-01-08 08:38:07 - PHP Warning:  mkdir(): No such file or directory in /var/www/html/admin/controller/common/security.php on line 283
2026-01-08 08:38:07 - PHP Warning:  mkdir(): No such file or directory in /var/www/html/admin/controller/common/security.php on line 283
2026-01-08 08:38:07 - PHP Warning:  mkdir(): No such file or directory in /var/www/html/admin/controller/common/security.php on line 283
2026-01-08 08:38:07 - PHP Warning:  copy(/var/www/storage/vendor/mtdowling/jmespath.php/CHANGELOG.md): Failed to open stream: No such file or directory in /var/www/html/admin/controller/common/security.php on line 288
2026-01-08 08:38:07 - PHP Warning:  mkdir(): No such file or directory in /var/www/html/admin/controller/common/security.php on line 283
2026-01-08 08:38:07 - PHP Warning:  mkdir(): No such file or directory in /var/www/html/admin/controller/common/security.php on line 283
2026-01-08 08:38:07 - PHP Warning:  mkdir(): No such file or directory in /var/www/html/admin/controller/common/security.php on line 283
2026-01-08 08:38:07 - PHP Warning:  copy(/var/www/storage/vendor/mtdowling/jmespath.php/LICENSE): Failed to open stream: No such file or directory in /var/www/html/admin/controller/common/security.php on line 288
2026-01-08 08:38:07 - PHP Warning:  mkdir(): No such file or directory in /var/www/html/admin/controller/common/security.php on line 283
2026-01-08 08:38:07 - PHP Warning:  mkdir(): No such file or directory in /var/www/html/admin/controller/common/security.php on line 283
2026-01-08 08:38:07 - PHP Warning:  mkdir(): No such file or directory in /var/www/html/admin/controller/common/security.php on line 283
2026-01-08 08:38:07 - PHP Warning:  copy(/var/www/storage/vendor/mtdowling/jmespath.php/README.rst): Failed to open stream: No such file or directory in /var/www/html/admin/controller/common/security.php on line 288
2026-01-08 08:38:07 - PHP Warning:  mkdir(): No such file or directory in /var/www/html/admin/controller/common/security.php on line 283
2026-01-08 08:38:07 - PHP Warning:  mkdir(): No such file or directory in /var/www/html/admin/controller/common/security.php on line 283
2026-01-08 08:38:07 - PHP Warning:  mkdir(): No such file or directory in /var/www/html/admin/controller/common/security.php on line 283
2026-01-08 08:38:07 - PHP Warning:  mkdir(): No such file or directory in /var/www/html/admin/controller/common/security.php on line 283
2026-01-08 08:38:07 - PHP Warning:  mkdir(): No such file or directory in /var/www/html/admin/controller/common/security.php on line 283
2026-01-08 08:38:07 - PHP Warning:  mkdir(): No such file or directory in /var/www/html/admin/controller/common/security.php on line 283
2026-01-08 08:38:07 - PHP Warning:  copy(/var/www/storage/vendor/mtdowling/jmespath.php/composer.json): Failed to open stream: No such file or directory in /var/www/html/admin/controller/common/security.php on line 288
2026-01-08 08:38:07 - PHP Warning:  mkdir(): No such file or directory in /var/www/html/admin/controller/common/security.php on line 283
2026-01-08 08:38:07 - PHP Warning:  mkdir(): No such file or directory in /var/www/html/admin/controller/common/security.php on line 283
2026-01-08 08:38:07 - PHP Warning:  mkdir(): No such file or directory in /var/www/html/admin/controller/common/security.php on line 283
2026-01-08 08:38:07 - PHP Warning:  mkdir(): No such file or directory in /var/www/html/admin/controller/common/security.php on line 283
2026-01-08 08:38:07 - PHP Warning:  mkdir(): No such file or directory in /var/www/html/admin/controller/common/security.php on line 283
2026-01-08 08:38:07 - PHP Warning:  mkdir(): No such file or directory in /var/www/html/admin/controller/common/security.php on line 283
2026-01-08 08:38:07 - PHP Warning:  copy(/var/www/storage/vendor/psr/http-client/CHANGELOG.md): Failed to open stream: No such file or directory in /var/www/html/admin/controller/common/security.php on line 288
2026-01-08 08:38:07 - PHP Warning:  mkdir(): No such file or directory in /var/www/html/admin/controller/common/security.php on line 283
2026-01-08 08:38:07 - PHP Warning:  mkdir(): No such file or directory in /var/www/html/admin/controller/common/security.php on line 283
2026-01-08 08:38:07 - PHP Warning:  mkdir(): No such file or directory in /var/www/html/admin/controller/common/security.php on line 283
2026-01-08 08:38:07 - PHP Warning:  copy(/var/www/storage/vendor/psr/http-client/LICENSE): Failed to open stream: No such file or directory in /var/www/html/admin/controller/common/security.php on line 288
2026-01-08 08:38:07 - PHP Warning:  mkdir(): No such file or directory in /var/www/html/admin/controller/common/security.php on line 283
2026-01-08 08:38:07 - PHP Warning:  mkdir(): No such file or directory in /var/www/html/admin/controller/common/security.php on line 283
2026-01-08 08:38:07 - PHP Warning:  mkdir(): No such file or directory in /var/www/html/admin/controller/common/security.php on line 283
2026-01-08 08:38:07 - PHP Warning:  copy(/var/www/storage/vendor/psr/http-client/README.md): Failed to open stream: No such file or directory in /var/www/html/admin/controller/common/security.php on line 288
2026-01-08 08:38:07 - PHP Warning:  mkdir(): No such file or directory in /var/www/html/admin/controller/common/security.php on line 283
2026-01-08 08:38:07 - PHP Warning:  mkdir(): No such file or directory in /var/www/html/admin/controller/common/security.php on line 283
2026-01-08 08:38:07 - PHP Warning:  mkdir(): No such file or directory in /var/www/html/admin/controller/common/security.php on line 283
2026-01-08 08:38:07 - PHP Warning:  copy(/var/www/storage/vendor/psr/http-client/composer.json): Failed to open stream: No such file or directory in /var/www/html/admin/controller/common/security.php on line 288
2026-01-08 08:38:07 - PHP Warning:  mkdir(): No such file or directory in /var/www/html/admin/controller/common/security.php on line 283
2026-01-08 08:38:07 - PHP Warning:  mkdir(): No such file or directory in /var/www/html/admin/controller/common/security.php on line 283
2026-01-08 08:38:07 - PHP Warning:  mkdir(): No such file or directory in /var/www/html/admin/controller/common/security.php on line 283
2026-01-08 08:38:07 - PHP Warning:  mkdir(): No such file or directory in /var/www/html/admin/controller/common/security.php on line 283
2026-01-08 08:38:07 - PHP Warning:  mkdir(): No such file or directory in /var/www/html/admin/controller/common/security.php on line 283
2026-01-08 08:38:07 - PHP Warning:  mkdir(): No such file or directory in /var/www/html/admin/controller/common/security.php on line 283
2026-01-08 08:38:07 - PHP Warning:  copy(/var/www/storage/vendor/psr/http-factory/LICENSE): Failed to open stream: No such file or directory in /var/www/html/admin/controller/common/security.php on line 288
2026-01-08 08:38:07 - PHP Warning:  mkdir(): No such file or directory in /var/www/html/admin/controller/common/security.php on line 283
2026-01-08 08:38:07 - PHP Warning:  mkdir(): No such file or directory in /var/www/html/admin/controller/common/security.php on line 283
2026-01-08 08:38:07 - PHP Warning:  mkdir(): No such file or directory in /var/www/html/admin/controller/common/security.php on line 283
2026-01-08 08:38:07 - PHP Warning:  copy(/var/www/storage/vendor/psr/http-factory/README.md): Failed to open stream: No such file or directory in /var/www/html/admin/controller/common/security.php on line 288
2026-01-08 08:38:07 - PHP Warning:  mkdir(): No such file or directory in /var/www/html/admin/controller/common/security.php on line 283
2026-01-08 08:38:07 - PHP Warning:  mkdir(): No such file or directory in /var/www/html/admin/controller/common/security.php on line 283
2026-01-08 08:38:07 - PHP Warning:  mkdir(): No such file or directory in /var/www/html/admin/controller/common/security.php on line 283
2026-01-08 08:38:07 - PHP Warning:  copy(/var/www/storage/vendor/psr/http-factory/composer.json): Failed to open stream: No such file or directory in /var/www/html/admin/controller/common/security.php on line 288
2026-01-08 08:38:07 - PHP Warning:  mkdir(): No such file or directory in /var/www/html/admin/controller/common/security.php on line 283
2026-01-08 08:38:07 - PHP Warning:  mkdir(): No such file or directory in /var/www/html/admin/controller/common/security.php on line 283
2026-01-08 08:38:07 - PHP Warning:  mkdir(): No such file or directory in /var/www/html/admin/controller/common/security.php on line 283
2026-01-08 08:38:07 - PHP Warning:  mkdir(): No such file or directory in /var/www/html/admin/controller/common/security.php on line 283
2026-01-08 08:38:07 - PHP Warning:  mkdir(): No such file or directory in /var/www/html/admin/controller/common/security.php on line 283
2026-01-08 08:38:07 - PHP Warning:  mkdir(): No such file or directory in /var/www/html/admin/controller/common/security.php on line 283
2026-01-08 08:38:07 - PHP Warning:  copy(/var/www/storage/vendor/psr/http-message/CHANGELOG.md): Failed to open stream: No such file or directory in /var/www/html/admin/controller/common/security.php on line 288
2026-01-08 08:38:07 - PHP Warning:  mkdir(): No such file or directory in /var/www/html/admin/controller/common/security.php on line 283
2026-01-08 08:38:07 - PHP Warning:  mkdir(): No such file or directory in /var/www/html/admin/controller/common/security.php on line 283
2026-01-08 08:38:07 - PHP Warning:  mkdir(): No such file or directory in /var/www/html/admin/controller/common/security.php on line 283
2026-01-08 08:38:07 - PHP Warning:  copy(/var/www/storage/vendor/psr/http-message/LICENSE): Failed to open stream: No such file or directory in /var/www/html/admin/controller/common/security.php on line 288
2026-01-08 08:38:07 - PHP Warning:  mkdir(): No such file or directory in /var/www/html/admin/controller/common/security.php on line 283
2026-01-08 08:38:07 - PHP Warning:  mkdir(): No such file or directory in /var/www/html/admin/controller/common/security.php on line 283
2026-01-08 08:38:07 - PHP Warning:  mkdir(): No such file or directory in /var/www/html/admin/controller/common/security.php on line 283
2026-01-08 08:38:07 - PHP Warning:  copy(/var/www/storage/vendor/psr/http-message/README.md): Failed to open stream: No such file or directory in /var/www/html/admin/controller/common/security.php on line 288
2026-01-08 08:38:07 - PHP Warning:  mkdir(): No such file or directory in /var/www/html/admin/controller/common/security.php on line 283
2026-01-08 08:38:07 - PHP Warning:  mkdir(): No such file or directory in /var/www/html/admin/controller/common/security.php on line 283
2026-01-08 08:38:07 - PHP Warning:  mkdir(): No such file or directory in /var/www/html/admin/controller/common/security.php on line 283
2026-01-08 08:38:07 - PHP Warning:  copy(/var/www/storage/vendor/psr/http-message/composer.json): Failed to open stream: No such file or directory in /var/www/html/admin/controller/common/security.php on line 288
2026-01-08 08:38:07 - PHP Warning:  mkdir(): No such file or directory in /var/www/html/admin/controller/common/security.php on line 283
2026-01-08 08:38:07 - PHP Warning:  mkdir(): No such file or directory in /var/www/html/admin/controller/common/security.php on line 283
2026-01-08 08:38:07 - PHP Warning:  mkdir(): No such file or directory in /var/www/html/admin/controller/common/security.php on line 283
2026-01-08 08:38:07 - PHP Warning:  mkdir(): No such file or directory in /var/www/html/admin/controller/common/security.php on line 283
2026-01-08 08:38:07 - PHP Warning:  mkdir(): No such file or directory in /var/www/html/admin/controller/common/security.php on line 283
2026-01-08 08:38:07 - PHP Warning:  mkdir(): No such file or directory in /var/www/html/admin/controller/common/security.php on line 283
2026-01-08 08:38:07 - PHP Warning:  mkdir(): No such file or directory in /var/www/html/admin/controller/common/security.php on line 283
2026-01-08 08:38:07 - PHP Warning:  mkdir(): No such file or directory in /var/www/html/admin/controller/common/security.php on line 283
2026-01-08 08:38:07 - PHP Warning:  mkdir(): No such file or directory in /var/www/html/admin/controller/common/security.php on line 283
2026-01-08 08:38:07 - PHP Warning:  copy(/var/www/storage/vendor/ralouphie/getallheaders/LICENSE): Failed to open stream: No such file or directory in /var/www/html/admin/controller/common/security.php on line 288
2026-01-08 08:38:07 - PHP Warning:  mkdir(): No such file or directory in /var/www/html/admin/controller/common/security.php on line 283
2026-01-08 08:38:07 - PHP Warning:  mkdir(): No such file or directory in /var/www/html/admin/controller/common/security.php on line 283
2026-01-08 08:38:07 - PHP Warning:  mkdir(): No such file or directory in /var/www/html/admin/controller/common/security.php on line 283
2026-01-08 08:38:07 - PHP Warning:  copy(/var/www/storage/vendor/ralouphie/getallheaders/README.md): Failed to open stream: No such file or directory in /var/www/html/admin/controller/common/security.php on line 288
2026-01-08 08:38:07 - PHP Warning:  mkdir(): No such file or directory in /var/www/html/admin/controller/common/security.php on line 283
2026-01-08 08:38:07 - PHP Warning:  mkdir(): No such file or directory in /var/www/html/admin/controller/common/security.php on line 283
2026-01-08 08:38:07 - PHP Warning:  mkdir(): No such file or directory in /var/www/html/admin/controller/common/security.php on line 283
2026-01-08 08:38:07 - PHP Warning:  copy(/var/www/storage/vendor/ralouphie/getallheaders/composer.json): Failed to open stream: No such file or directory in /var/www/html/admin/controller/common/security.php on line 288
2026-01-08 08:38:07 - PHP Warning:  mkdir(): No such file or directory in /var/www/html/admin/controller/common/security.php on line 283
2026-01-08 08:38:07 - PHP Warning:  mkdir(): No such file or directory in /var/www/html/admin/controller/common/security.php on line 283
2026-01-08 08:38:07 - PHP Warning:  mkdir(): No such file or directory in /var/www/html/admin/controller/common/security.php on line 283
2026-01-08 08:38:07 - PHP Warning:  mkdir(): No such file or directory in /var/www/html/admin/controller/common/security.php on line 283
2026-01-08 08:38:07 - PHP Warning:  mkdir(): No such file or directory in /var/www/html/admin/controller/common/security.php on line 283
2026-01-08 08:38:07 - PHP Warning:  mkdir(): No such file or directory in /var/www/html/admin/controller/common/security.php on line 283
2026-01-08 08:38:07 - PHP Warning:  copy(/var/www/storage/vendor/scssphp/scssphp/LICENSE.md): Failed to open stream: No such file or directory in /var/www/html/admin/controller/common/security.php on line 288
2026-01-08 08:38:07 - PHP Warning:  mkdir(): No such file or directory in /var/www/html/admin/controller/common/security.php on line 283
2026-01-08 08:38:07 - PHP Warning:  mkdir(): No such file or directory in /var/www/html/admin/controller/common/security.php on line 283
2026-01-08 08:38:07 - PHP Warning:  mkdir(): No such file or directory in /var/www/html/admin/controller/common/security.php on line 283
2026-01-08 08:38:07 - PHP Warning:  copy(/var/www/storage/vendor/scssphp/scssphp/README.md): Failed to open stream: No such file or directory in /var/www/html/admin/controller/common/security.php on line 288
2026-01-08 08:38:07 - PHP Warning:  mkdir(): No such file or directory in /var/www/html/admin/controller/common/security.php on line 283
2026-01-08 08:38:07 - PHP Warning:  mkdir(): No such file or directory in /var/www/html/admin/controller/common/security.php on line 283
2026-01-08 08:38:07 - PHP Warning:  mkdir(): No such file or directory in /var/www/html/admin/controller/common/security.php on line 283
2026-01-08 08:38:07 - PHP Warning:  mkdir(): No such file or directory in /var/www/html/admin/controller/common/security.php on line 283
2026-01-08 08:38:07 - PHP Warning:  mkdir(): No such file or directory in /var/www/html/admin/controller/common/security.php on line 283
2026-01-08 08:38:07 - PHP Warning:  mkdir(): No such file or directory in /var/www/html/admin/controller/common/security.php on line 283
2026-01-08 08:38:07 - PHP Warning:  copy(/var/www/storage/vendor/scssphp/scssphp/composer.json): Failed to open stream: No such file or directory in /var/www/html/admin/controller/common/security.php on line 288
2026-01-08 08:38:07 - PHP Warning:  mkdir(): No such file or directory in /var/www/html/admin/controller/common/security.php on line 283
2026-01-08 08:38:07 - PHP Warning:  mkdir(): No such file or directory in /var/www/html/admin/controller/common/security.php on line 283
2026-01-08 08:38:07 - PHP Warning:  mkdir(): No such file or directory in /var/www/html/admin/controller/common/security.php on line 283
2026-01-08 08:38:07 - PHP Warning:  copy(/var/www/storage/vendor/scssphp/scssphp/scss.inc.php): Failed to open stream: No such file or directory in /var/www/html/admin/controller/common/security.php on line 288
2026-01-08 08:38:07 - PHP Warning:  mkdir(): No such file or directory in /var/www/html/admin/controller/common/security.php on line 283
2026-01-08 08:38:07 - PHP Warning:  mkdir(): No such file or directory in /var/www/html/admin/controller/common/security.php on line 283
2026-01-08 08:38:07 - PHP Warning:  mkdir(): No such file or directory in /var/www/html/admin/controller/common/security.php on line 283
2026-01-08 08:38:07 - PHP Warning:  mkdir(): No such file or directory in /var/www/html/admin/controller/common/security.php on line 283
2026-01-08 08:38:07 - PHP Warning:  mkdir(): No such file or directory in /var/www/html/admin/controller/common/security.php on line 283
2026-01-08 08:38:07 - PHP Warning:  mkdir(): No such file or directory in /var/www/html/admin/controller/common/security.php on line 283
2026-01-08 08:38:07 - PHP Warning:  copy(/var/www/storage/vendor/symfony/deprecation-contracts/CHANGELOG.md): Failed to open stream: No such file or directory in /var/www/html/admin/controller/common/security.php on line 288
2026-01-08 08:38:07 - PHP Warning:  mkdir(): No such file or directory in /var/www/html/admin/controller/common/security.php on line 283
2026-01-08 08:38:07 - PHP Warning:  mkdir(): No such file or directory in /var/www/html/admin/controller/common/security.php on line 283
2026-01-08 08:38:07 - PHP Warning:  mkdir(): No such file or directory in /var/www/html/admin/controller/common/security.php on line 283
2026-01-08 08:38:07 - PHP Warning:  copy(/var/www/storage/vendor/symfony/deprecation-contracts/LICENSE): Failed to open stream: No such file or directory in /var/www/html/admin/controller/common/security.php on line 288
2026-01-08 08:38:07 - PHP Warning:  mkdir(): No such file or directory in /var/www/html/admin/controller/common/security.php on line 283
2026-01-08 08:38:07 - PHP Warning:  mkdir(): No such file or directory in /var/www/html/admin/controller/common/security.php on line 283
2026-01-08 08:38:07 - PHP Warning:  mkdir(): No such file or directory in /var/www/html/admin/controller/common/security.php on line 283
2026-01-08 08:38:07 - PHP Warning:  copy(/var/www/storage/vendor/symfony/deprecation-contracts/README.md): Failed to open stream: No such file or directory in /var/www/html/admin/controller/common/security.php on line 288
2026-01-08 08:38:07 - PHP Warning:  mkdir(): No such file or directory in /var/www/html/admin/controller/common/security.php on line 283
2026-01-08 08:38:07 - PHP Warning:  mkdir(): No such file or directory in /var/www/html/admin/controller/common/security.php on line 283
2026-01-08 08:38:07 - PHP Warning:  mkdir(): No such file or directory in /var/www/html/admin/controller/common/security.php on line 283
2026-01-08 08:38:07 - PHP Warning:  copy(/var/www/storage/vendor/symfony/deprecation-contracts/composer.json): Failed to open stream: No such file or directory in /var/www/html/admin/controller/common/security.php on line 288
2026-01-08 08:38:07 - PHP Warning:  mkdir(): No such file or directory in /var/www/html/admin/controller/common/security.php on line 283
2026-01-08 08:38:07 - PHP Warning:  mkdir(): No such file or directory in /var/www/html/admin/controller/common/security.php on line 283
2026-01-08 08:38:07 - PHP Warning:  mkdir(): No such file or directory in /var/www/html/admin/controller/common/security.php on line 283
2026-01-08 08:38:07 - PHP Warning:  copy(/var/www/storage/vendor/symfony/deprecation-contracts/function.php): Failed to open stream: No such file or directory in /var/www/html/admin/controller/common/security.php on line 288
2026-01-08 08:38:07 - PHP Warning:  mkdir(): No such file or directory in /var/www/html/admin/controller/common/security.php on line 283
2026-01-08 08:38:07 - PHP Warning:  mkdir(): No such file or directory in /var/www/html/admin/controller/common/security.php on line 283
2026-01-08 08:38:07 - PHP Warning:  mkdir(): No such file or directory in /var/www/html/admin/controller/common/security.php on line 283
2026-01-08 08:38:07 - PHP Warning:  copy(/var/www/storage/vendor/symfony/deprecation-contracts/.gitignore): Failed to open stream: No such file or directory in /var/www/html/admin/controller/common/security.php on line 288
2026-01-08 08:38:07 - PHP Warning:  mkdir(): No such file or directory in /var/www/html/admin/controller/common/security.php on line 283
2026-01-08 08:38:07 - PHP Warning:  mkdir(): No such file or directory in /var/www/html/admin/controller/common/security.php on line 283
2026-01-08 08:38:07 - PHP Warning:  mkdir(): No such file or directory in /var/www/html/admin/controller/common/security.php on line 283
2026-01-08 08:38:07 - PHP Warning:  copy(/var/www/storage/vendor/symfony/polyfill-ctype/Ctype.php): Failed to open stream: No such file or directory in /var/www/html/admin/controller/common/security.php on line 288
2026-01-08 08:38:07 - PHP Warning:  mkdir(): No such file or directory in /var/www/html/admin/controller/common/security.php on line 283
2026-01-08 08:38:07 - PHP Warning:  mkdir(): No such file or directory in /var/www/html/admin/controller/common/security.php on line 283
2026-01-08 08:38:07 - PHP Warning:  mkdir(): No such file or directory in /var/www/html/admin/controller/common/security.php on line 283
2026-01-08 08:38:08 - PHP Warning:  copy(/var/www/storage/vendor/symfony/polyfill-ctype/LICENSE): Failed to open stream: No such file or directory in /var/www/html/admin/controller/common/security.php on line 288
2026-01-08 08:38:08 - PHP Warning:  mkdir(): No such file or directory in /var/www/html/admin/controller/common/security.php on line 283
2026-01-08 08:38:08 - PHP Warning:  mkdir(): No such file or directory in /var/www/html/admin/controller/common/security.php on line 283
2026-01-08 08:38:08 - PHP Warning:  mkdir(): No such file or directory in /var/www/html/admin/controller/common/security.php on line 283
2026-01-08 08:38:08 - PHP Warning:  copy(/var/www/storage/vendor/symfony/polyfill-ctype/README.md): Failed to open stream: No such file or directory in /var/www/html/admin/controller/common/security.php on line 288
2026-01-08 08:38:08 - PHP Warning:  mkdir(): No such file or directory in /var/www/html/admin/controller/common/security.php on line 283
2026-01-08 08:38:08 - PHP Warning:  mkdir(): No such file or directory in /var/www/html/admin/controller/common/security.php on line 283
2026-01-08 08:38:08 - PHP Warning:  mkdir(): No such file or directory in /var/www/html/admin/controller/common/security.php on line 283
2026-01-08 08:38:08 - PHP Warning:  copy(/var/www/storage/vendor/symfony/polyfill-ctype/bootstrap.php): Failed to open stream: No such file or directory in /var/www/html/admin/controller/common/security.php on line 288
2026-01-08 08:38:08 - PHP Warning:  mkdir(): No such file or directory in /var/www/html/admin/controller/common/security.php on line 283
2026-01-08 08:38:08 - PHP Warning:  mkdir(): No such file or directory in /var/www/html/admin/controller/common/security.php on line 283
2026-01-08 08:38:08 - PHP Warning:  mkdir(): No such file or directory in /var/www/html/admin/controller/common/security.php on line 283
2026-01-08 08:38:08 - PHP Warning:  copy(/var/www/storage/vendor/symfony/polyfill-ctype/bootstrap80.php): Failed to open stream: No such file or directory in /var/www/html/admin/controller/common/security.php on line 288
2026-01-12 14:08:18 - [ImportOrder] upload called; session_user_token=e3a10c97e226a28a885ea2dc3bcd3403; request_method=POST
2026-01-12 14:09:02 - [ImportOrder] upload called; session_user_token=e3a10c97e226a28a885ea2dc3bcd3403; request_method=POST
2026-01-12 14:09:17 - [ImportOrder] upload called; session_user_token=e3a10c97e226a28a885ea2dc3bcd3403; request_method=POST
2026-01-14 08:41:30 - Error: Opencart\System\Library\Cart\Currency::format(): Argument #2 ($currency) must be of type string, null given, called in /var/www/html/extension/opencart/admin/controller/dashboard/recent.php on line 112
File: /var/www/html/system/library/cart/currency.php
Line: 59

Backtrace: 0
File: /var/www/html/extension/opencart/admin/controller/dashboard/recent.php
Line: 112
Class: Opencart\System\Library\Cart\Currency
Function: format

Backtrace: 1
File: /var/www/html/system/engine/loader.php
Line: 112
Class: Opencart\Admin\Controller\Extension\Opencart\Dashboard\Recent
Function: dashboard

Backtrace: 2
File: /var/www/html/martket/controller/common/dashboard.php
Line: 44
Class: Opencart\System\Engine\Loader
Function: controller

Backtrace: 3
File: /var/www/html/system/engine/action.php
Line: 96
Class: Opencart\Admin\Controller\Common\Dashboard
Function: index

Backtrace: 4
File: /var/www/html/system/framework.php
Line: 259
Class: Opencart\System\Engine\Action
Function: execute

Backtrace: 5
File: /var/www/html/martket/index.php
Line: 20
Function: require_once
2026-01-14 08:42:03 - Error: Opencart\System\Library\Cart\Currency::format(): Argument #2 ($currency) must be of type string, null given, called in /var/www/html/extension/opencart/admin/controller/dashboard/recent.php on line 112
File: /var/www/html/system/library/cart/currency.php
Line: 59

Backtrace: 0
File: /var/www/html/extension/opencart/admin/controller/dashboard/recent.php
Line: 112
Class: Opencart\System\Library\Cart\Currency
Function: format

Backtrace: 1
File: /var/www/html/system/engine/loader.php
Line: 112
Class: Opencart\Admin\Controller\Extension\Opencart\Dashboard\Recent
Function: dashboard

Backtrace: 2
File: /var/www/html/martket/controller/common/dashboard.php
Line: 44
Class: Opencart\System\Engine\Loader
Function: controller

Backtrace: 3
File: /var/www/html/system/engine/action.php
Line: 96
Class: Opencart\Admin\Controller\Common\Dashboard
Function: index

Backtrace: 4
File: /var/www/html/system/framework.php
Line: 259
Class: Opencart\System\Engine\Action
Function: execute

Backtrace: 5
File: /var/www/html/martket/index.php
Line: 20
Function: require_once
2026-01-14 08:42:03 - Error: Opencart\System\Library\Cart\Currency::format(): Argument #2 ($currency) must be of type string, null given, called in /var/www/html/extension/opencart/admin/controller/dashboard/recent.php on line 112
File: /var/www/html/system/library/cart/currency.php
Line: 59

Backtrace: 0
File: /var/www/html/extension/opencart/admin/controller/dashboard/recent.php
Line: 112
Class: Opencart\System\Library\Cart\Currency
Function: format

Backtrace: 1
File: /var/www/html/system/engine/loader.php
Line: 112
Class: Opencart\Admin\Controller\Extension\Opencart\Dashboard\Recent
Function: dashboard

Backtrace: 2
File: /var/www/html/martket/controller/common/dashboard.php
Line: 44
Class: Opencart\System\Engine\Loader
Function: controller

Backtrace: 3
File: /var/www/html/system/engine/action.php
Line: 96
Class: Opencart\Admin\Controller\Common\Dashboard
Function: index

Backtrace: 4
File: /var/www/html/system/framework.php
Line: 259
Class: Opencart\System\Engine\Action
Function: execute

Backtrace: 5
File: /var/www/html/martket/index.php
Line: 20
Function: require_once
2026-01-14 08:42:04 - Error: Opencart\System\Library\Cart\Currency::format(): Argument #2 ($currency) must be of type string, null given, called in /var/www/html/extension/opencart/admin/controller/dashboard/recent.php on line 112
File: /var/www/html/system/library/cart/currency.php
Line: 59

Backtrace: 0
File: /var/www/html/extension/opencart/admin/controller/dashboard/recent.php
Line: 112
Class: Opencart\System\Library\Cart\Currency
Function: format

Backtrace: 1
File: /var/www/html/system/engine/loader.php
Line: 112
Class: Opencart\Admin\Controller\Extension\Opencart\Dashboard\Recent
Function: dashboard

Backtrace: 2
File: /var/www/html/martket/controller/common/dashboard.php
Line: 44
Class: Opencart\System\Engine\Loader
Function: controller

Backtrace: 3
File: /var/www/html/system/engine/action.php
Line: 96
Class: Opencart\Admin\Controller\Common\Dashboard
Function: index

Backtrace: 4
File: /var/www/html/system/framework.php
Line: 259
Class: Opencart\System\Engine\Action
Function: execute

Backtrace: 5
File: /var/www/html/martket/index.php
Line: 20
Function: require_once
2026-01-14 08:43:19 - Error: Opencart\System\Library\Cart\Currency::format(): Argument #2 ($currency) must be of type string, null given, called in /var/www/html/extension/opencart/admin/controller/dashboard/recent.php on line 112
File: /var/www/html/system/library/cart/currency.php
Line: 59

Backtrace: 0
File: /var/www/html/extension/opencart/admin/controller/dashboard/recent.php
Line: 112
Class: Opencart\System\Library\Cart\Currency
Function: format

Backtrace: 1
File: /var/www/html/system/engine/loader.php
Line: 112
Class: Opencart\Admin\Controller\Extension\Opencart\Dashboard\Recent
Function: dashboard

Backtrace: 2
File: /var/www/html/martket/controller/common/dashboard.php
Line: 44
Class: Opencart\System\Engine\Loader
Function: controller

Backtrace: 3
File: /var/www/html/system/engine/action.php
Line: 96
Class: Opencart\Admin\Controller\Common\Dashboard
Function: index

Backtrace: 4
File: /var/www/html/system/framework.php
Line: 259
Class: Opencart\System\Engine\Action
Function: execute

Backtrace: 5
File: /var/www/html/martket/index.php
Line: 20
Function: require_once
2026-01-14 08:43:20 - Error: Opencart\System\Library\Cart\Currency::format(): Argument #2 ($currency) must be of type string, null given, called in /var/www/html/extension/opencart/admin/controller/dashboard/recent.php on line 112
File: /var/www/html/system/library/cart/currency.php
Line: 59

Backtrace: 0
File: /var/www/html/extension/opencart/admin/controller/dashboard/recent.php
Line: 112
Class: Opencart\System\Library\Cart\Currency
Function: format

Backtrace: 1
File: /var/www/html/system/engine/loader.php
Line: 112
Class: Opencart\Admin\Controller\Extension\Opencart\Dashboard\Recent
Function: dashboard

Backtrace: 2
File: /var/www/html/martket/controller/common/dashboard.php
Line: 44
Class: Opencart\System\Engine\Loader
Function: controller

Backtrace: 3
File: /var/www/html/system/engine/action.php
Line: 96
Class: Opencart\Admin\Controller\Common\Dashboard
Function: index

Backtrace: 4
File: /var/www/html/system/framework.php
Line: 259
Class: Opencart\System\Engine\Action
Function: execute

Backtrace: 5
File: /var/www/html/martket/index.php
Line: 20
Function: require_once
2026-01-14 08:43:20 - Error: Opencart\System\Library\Cart\Currency::format(): Argument #2 ($currency) must be of type string, null given, called in /var/www/html/extension/opencart/admin/controller/dashboard/recent.php on line 112
File: /var/www/html/system/library/cart/currency.php
Line: 59

Backtrace: 0
File: /var/www/html/extension/opencart/admin/controller/dashboard/recent.php
Line: 112
Class: Opencart\System\Library\Cart\Currency
Function: format

Backtrace: 1
File: /var/www/html/system/engine/loader.php
Line: 112
Class: Opencart\Admin\Controller\Extension\Opencart\Dashboard\Recent
Function: dashboard

Backtrace: 2
File: /var/www/html/martket/controller/common/dashboard.php
Line: 44
Class: Opencart\System\Engine\Loader
Function: controller

Backtrace: 3
File: /var/www/html/system/engine/action.php
Line: 96
Class: Opencart\Admin\Controller\Common\Dashboard
Function: index

Backtrace: 4
File: /var/www/html/system/framework.php
Line: 259
Class: Opencart\System\Engine\Action
Function: execute

Backtrace: 5
File: /var/www/html/martket/index.php
Line: 20
Function: require_once
2026-01-14 08:43:34 - Error: Opencart\System\Library\Cart\Currency::format(): Argument #2 ($currency) must be of type string, null given, called in /var/www/html/extension/opencart/admin/controller/dashboard/recent.php on line 112
File: /var/www/html/system/library/cart/currency.php
Line: 59

Backtrace: 0
File: /var/www/html/extension/opencart/admin/controller/dashboard/recent.php
Line: 112
Class: Opencart\System\Library\Cart\Currency
Function: format

Backtrace: 1
File: /var/www/html/system/engine/loader.php
Line: 112
Class: Opencart\Admin\Controller\Extension\Opencart\Dashboard\Recent
Function: dashboard

Backtrace: 2
File: /var/www/html/martket/controller/common/dashboard.php
Line: 44
Class: Opencart\System\Engine\Loader
Function: controller

Backtrace: 3
File: /var/www/html/system/engine/action.php
Line: 96
Class: Opencart\Admin\Controller\Common\Dashboard
Function: index

Backtrace: 4
File: /var/www/html/system/framework.php
Line: 259
Class: Opencart\System\Engine\Action
Function: execute

Backtrace: 5
File: /var/www/html/martket/index.php
Line: 20
Function: require_once
2026-01-14 08:43:35 - Error: Opencart\System\Library\Cart\Currency::format(): Argument #2 ($currency) must be of type string, null given, called in /var/www/html/extension/opencart/admin/controller/dashboard/recent.php on line 112
File: /var/www/html/system/library/cart/currency.php
Line: 59

Backtrace: 0
File: /var/www/html/extension/opencart/admin/controller/dashboard/recent.php
Line: 112
Class: Opencart\System\Library\Cart\Currency
Function: format

Backtrace: 1
File: /var/www/html/system/engine/loader.php
Line: 112
Class: Opencart\Admin\Controller\Extension\Opencart\Dashboard\Recent
Function: dashboard

Backtrace: 2
File: /var/www/html/martket/controller/common/dashboard.php
Line: 44
Class: Opencart\System\Engine\Loader
Function: controller

Backtrace: 3
File: /var/www/html/system/engine/action.php
Line: 96
Class: Opencart\Admin\Controller\Common\Dashboard
Function: index

Backtrace: 4
File: /var/www/html/system/framework.php
Line: 259
Class: Opencart\System\Engine\Action
Function: execute

Backtrace: 5
File: /var/www/html/martket/index.php
Line: 20
Function: require_once
2026-01-14 08:43:47 - Error: Opencart\System\Library\Cart\Currency::format(): Argument #2 ($currency) must be of type string, null given, called in /var/www/html/extension/opencart/admin/controller/dashboard/recent.php on line 112
File: /var/www/html/system/library/cart/currency.php
Line: 59

Backtrace: 0
File: /var/www/html/extension/opencart/admin/controller/dashboard/recent.php
Line: 112
Class: Opencart\System\Library\Cart\Currency
Function: format

Backtrace: 1
File: /var/www/html/system/engine/loader.php
Line: 112
Class: Opencart\Admin\Controller\Extension\Opencart\Dashboard\Recent
Function: dashboard

Backtrace: 2
File: /var/www/html/martket/controller/common/dashboard.php
Line: 44
Class: Opencart\System\Engine\Loader
Function: controller

Backtrace: 3
File: /var/www/html/system/engine/action.php
Line: 96
Class: Opencart\Admin\Controller\Common\Dashboard
Function: index

Backtrace: 4
File: /var/www/html/system/framework.php
Line: 259
Class: Opencart\System\Engine\Action
Function: execute

Backtrace: 5
File: /var/www/html/martket/index.php
Line: 20
Function: require_once
2026-01-14 08:46:12 - PHP Unknown:  strtotime(): Passing null to parameter #1 ($datetime) of type string is deprecated in /var/www/html/martket/controller/sale/order.php on line 401
2026-01-14 08:46:12 - PHP Unknown:  strtotime(): Passing null to parameter #1 ($datetime) of type string is deprecated in /var/www/html/martket/controller/sale/order.php on line 401
2026-01-14 08:46:12 - PHP Unknown:  strtotime(): Passing null to parameter #1 ($datetime) of type string is deprecated in /var/www/html/martket/controller/sale/order.php on line 401
2026-01-14 08:46:12 - PHP Unknown:  strtotime(): Passing null to parameter #1 ($datetime) of type string is deprecated in /var/www/html/martket/controller/sale/order.php on line 401
2026-01-14 08:46:22 - Error: Opencart\Admin\Model\Localisation\Language::getLanguage(): Argument #1 ($language_id) must be of type int, null given, called in /var/www/html/system/engine/loader.php on line 343
File: /var/www/html/martket/model/localisation/language.php
Line: 509

Backtrace: 0
File: /var/www/html/system/engine/loader.php
Line: 343
Class: Opencart\Admin\Model\Localisation\Language
Function: getLanguage

Backtrace: 1
File: /var/www/html/system/engine/proxy.php
Line: 87
Class: Opencart\System\Engine\Loader
Function: Opencart\System\Engine\{closure}

Backtrace: 2
File: /var/www/html/martket/model/sale/order.php
Line: 117
Class: Opencart\System\Engine\Proxy
Function: __call

Backtrace: 3
File: /var/www/html/system/engine/loader.php
Line: 343
Class: Opencart\Admin\Model\Sale\Order
Function: getOrder

Backtrace: 4
File: /var/www/html/system/engine/proxy.php
Line: 87
Class: Opencart\System\Engine\Loader
Function: Opencart\System\Engine\{closure}

Backtrace: 5
File: /var/www/html/martket/controller/sale/order.php
Line: 634
Class: Opencart\System\Engine\Proxy
Function: __call

Backtrace: 6
File: /var/www/html/system/engine/action.php
Line: 96
Class: Opencart\Admin\Controller\Sale\Order
Function: info

Backtrace: 7
File: /var/www/html/system/framework.php
Line: 259
Class: Opencart\System\Engine\Action
Function: execute

Backtrace: 8
File: /var/www/html/martket/index.php
Line: 20
Function: require_once
2026-01-14 08:46:28 - Error: Opencart\Admin\Model\Localisation\Language::getLanguage(): Argument #1 ($language_id) must be of type int, null given, called in /var/www/html/system/engine/loader.php on line 343
File: /var/www/html/martket/model/localisation/language.php
Line: 509

Backtrace: 0
File: /var/www/html/system/engine/loader.php
Line: 343
Class: Opencart\Admin\Model\Localisation\Language
Function: getLanguage

Backtrace: 1
File: /var/www/html/system/engine/proxy.php
Line: 87
Class: Opencart\System\Engine\Loader
Function: Opencart\System\Engine\{closure}

Backtrace: 2
File: /var/www/html/martket/model/sale/order.php
Line: 117
Class: Opencart\System\Engine\Proxy
Function: __call

Backtrace: 3
File: /var/www/html/system/engine/loader.php
Line: 343
Class: Opencart\Admin\Model\Sale\Order
Function: getOrder

Backtrace: 4
File: /var/www/html/system/engine/proxy.php
Line: 87
Class: Opencart\System\Engine\Loader
Function: Opencart\System\Engine\{closure}

Backtrace: 5
File: /var/www/html/martket/controller/sale/order.php
Line: 634
Class: Opencart\System\Engine\Proxy
Function: __call

Backtrace: 6
File: /var/www/html/system/engine/action.php
Line: 96
Class: Opencart\Admin\Controller\Sale\Order
Function: info

Backtrace: 7
File: /var/www/html/system/framework.php
Line: 259
Class: Opencart\System\Engine\Action
Function: execute

Backtrace: 8
File: /var/www/html/martket/index.php
Line: 20
Function: require_once
2026-01-14 08:49:53 - Error: Opencart\Admin\Model\Localisation\Language::getLanguage(): Argument #1 ($language_id) must be of type int, null given, called in /var/www/html/system/engine/loader.php on line 343
File: /var/www/html/martket/model/localisation/language.php
Line: 509

Backtrace: 0
File: /var/www/html/system/engine/loader.php
Line: 343
Class: Opencart\Admin\Model\Localisation\Language
Function: getLanguage

Backtrace: 1
File: /var/www/html/system/engine/proxy.php
Line: 87
Class: Opencart\System\Engine\Loader
Function: Opencart\System\Engine\{closure}

Backtrace: 2
File: /var/www/html/martket/model/sale/order.php
Line: 117
Class: Opencart\System\Engine\Proxy
Function: __call

Backtrace: 3
File: /var/www/html/system/engine/loader.php
Line: 343
Class: Opencart\Admin\Model\Sale\Order
Function: getOrder

Backtrace: 4
File: /var/www/html/system/engine/proxy.php
Line: 87
Class: Opencart\System\Engine\Loader
Function: Opencart\System\Engine\{closure}

Backtrace: 5
File: /var/www/html/martket/controller/sale/order.php
Line: 634
Class: Opencart\System\Engine\Proxy
Function: __call

Backtrace: 6
File: /var/www/html/system/engine/action.php
Line: 96
Class: Opencart\Admin\Controller\Sale\Order
Function: info

Backtrace: 7
File: /var/www/html/system/framework.php
Line: 259
Class: Opencart\System\Engine\Action
Function: execute

Backtrace: 8
File: /var/www/html/martket/index.php
Line: 20
Function: require_once
2026-01-14 08:51:08 - PHP Unknown:  nl2br(): Passing null to parameter #1 ($string) of type string is deprecated in /var/www/html/martket/controller/sale/order.php on line 1032
2026-01-14 08:51:08 - PHP Unknown:  strtotime(): Passing null to parameter #1 ($datetime) of type string is deprecated in /var/www/html/martket/controller/sale/order.php on line 1119
2026-01-14 08:51:17 - PHP Warning:  Trying to access array offset on value of type null in /var/www/html/martket/controller/sale/order.php on line 1561
2026-01-14 08:51:17 - PHP Unknown:  nl2br(): Passing null to parameter #1 ($string) of type string is deprecated in /var/www/html/martket/controller/sale/order.php on line 1564
2026-01-14 08:57:34 - PHP Unknown:  strtotime(): Passing null to parameter #1 ($datetime) of type string is deprecated in /var/www/html/martket/controller/sale/order.php on line 401
2026-01-14 08:57:34 - PHP Unknown:  strtotime(): Passing null to parameter #1 ($datetime) of type string is deprecated in /var/www/html/martket/controller/sale/order.php on line 401
2026-01-14 08:57:34 - PHP Unknown:  strtotime(): Passing null to parameter #1 ($datetime) of type string is deprecated in /var/www/html/martket/controller/sale/order.php on line 401
2026-01-14 08:57:34 - PHP Unknown:  strtotime(): Passing null to parameter #1 ($datetime) of type string is deprecated in /var/www/html/martket/controller/sale/order.php on line 401
2026-01-14 08:58:04 - PHP Unknown:  nl2br(): Passing null to parameter #1 ($string) of type string is deprecated in /var/www/html/martket/controller/sale/order.php on line 1032
2026-01-14 08:58:04 - PHP Unknown:  strtotime(): Passing null to parameter #1 ($datetime) of type string is deprecated in /var/www/html/martket/controller/sale/order.php on line 1119
2026-01-14 09:00:47 - PHP Warning:  Trying to access array offset on value of type null in /var/www/html/martket/controller/sale/order.php on line 1561
2026-01-14 09:00:47 - PHP Unknown:  nl2br(): Passing null to parameter #1 ($string) of type string is deprecated in /var/www/html/martket/controller/sale/order.php on line 1564
2026-01-14 09:00:50 - PHP Unknown:  strtotime(): Passing null to parameter #1 ($datetime) of type string is deprecated in /var/www/html/martket/controller/sale/order.php on line 1119
2026-01-14 09:00:50 - PHP Unknown:  strtotime(): Passing null to parameter #1 ($datetime) of type string is deprecated in /var/www/html/martket/controller/sale/order.php on line 1119
2026-01-14 09:00:51 - PHP Unknown:  strtotime(): Passing null to parameter #1 ($datetime) of type string is deprecated in /var/www/html/martket/controller/sale/order.php on line 1119
2026-01-14 09:00:51 - PHP Unknown:  strtotime(): Passing null to parameter #1 ($datetime) of type string is deprecated in /var/www/html/martket/controller/sale/order.php on line 1119
2026-01-14 09:00:51 - PHP Unknown:  strtotime(): Passing null to parameter #1 ($datetime) of type string is deprecated in /var/www/html/martket/controller/sale/order.php on line 1119
2026-01-14 09:02:12 - Error: Call to undefined function Opencart\Admin\Controller\Sale\now()
File: /var/www/html/martket/controller/sale/order.php
Line: 1119

Backtrace: 0
File: /var/www/html/system/engine/action.php
Line: 96
Class: Opencart\Admin\Controller\Sale\Order
Function: info

Backtrace: 1
File: /var/www/html/system/framework.php
Line: 259
Class: Opencart\System\Engine\Action
Function: execute

Backtrace: 2
File: /var/www/html/martket/index.php
Line: 20
Function: require_once
2026-01-14 09:02:55 - PHP Warning:  Trying to access array offset on value of type null in /var/www/html/martket/controller/sale/order.php on line 1561
2026-01-14 09:02:55 - PHP Unknown:  nl2br(): Passing null to parameter #1 ($string) of type string is deprecated in /var/www/html/martket/controller/sale/order.php on line 1564
2026-01-14 09:03:39 - PHP Unknown:  strtotime(): Passing null to parameter #1 ($datetime) of type string is deprecated in /var/www/html/martket/controller/sale/order.php on line 401
2026-01-14 09:03:39 - PHP Unknown:  strtotime(): Passing null to parameter #1 ($datetime) of type string is deprecated in /var/www/html/martket/controller/sale/order.php on line 401
2026-01-14 09:03:39 - PHP Unknown:  strtotime(): Passing null to parameter #1 ($datetime) of type string is deprecated in /var/www/html/martket/controller/sale/order.php on line 401
2026-01-14 09:03:39 - PHP Unknown:  strtotime(): Passing null to parameter #1 ($datetime) of type string is deprecated in /var/www/html/martket/controller/sale/order.php on line 401
2026-01-14 09:11:47 - PHP Warning:  Trying to access array offset on value of type null in /var/www/html/martket/controller/sale/order.php on line 1561
2026-01-14 09:11:47 - PHP Unknown:  nl2br(): Passing null to parameter #1 ($string) of type string is deprecated in /var/www/html/martket/controller/sale/order.php on line 1564
2026-01-14 09:13:00 - PHP Warning:  Trying to access array offset on value of type null in /var/www/html/martket/controller/sale/order.php on line 1561
2026-01-14 09:13:00 - PHP Unknown:  nl2br(): Passing null to parameter #1 ($string) of type string is deprecated in /var/www/html/martket/controller/sale/order.php on line 1564
2026-01-14 09:13:01 - PHP Warning:  Trying to access array offset on value of type null in /var/www/html/martket/controller/sale/order.php on line 1561
2026-01-14 09:13:01 - PHP Unknown:  nl2br(): Passing null to parameter #1 ($string) of type string is deprecated in /var/www/html/martket/controller/sale/order.php on line 1564
2026-01-14 09:13:01 - PHP Warning:  Trying to access array offset on value of type null in /var/www/html/martket/controller/sale/order.php on line 1561
2026-01-14 09:13:01 - PHP Unknown:  nl2br(): Passing null to parameter #1 ($string) of type string is deprecated in /var/www/html/martket/controller/sale/order.php on line 1564
2026-01-14 09:16:23 - PHP Warning:  Trying to access array offset on value of type null in /var/www/html/martket/controller/sale/order.php on line 1561
2026-01-14 09:16:23 - PHP Unknown:  nl2br(): Passing null to parameter #1 ($string) of type string is deprecated in /var/www/html/martket/controller/sale/order.php on line 1564
2026-01-14 09:17:06 - PHP Warning:  Trying to access array offset on value of type null in /var/www/html/martket/controller/sale/order.php on line 1561
2026-01-14 09:17:06 - PHP Unknown:  nl2br(): Passing null to parameter #1 ($string) of type string is deprecated in /var/www/html/martket/controller/sale/order.php on line 1564
2026-01-14 09:17:31 - PHP Warning:  Trying to access array offset on value of type null in /var/www/html/martket/controller/sale/order.php on line 1561
2026-01-14 09:17:32 - PHP Warning:  Trying to access array offset on value of type null in /var/www/html/martket/controller/sale/order.php on line 1561
2026-01-14 09:17:32 - PHP Warning:  Trying to access array offset on value of type null in /var/www/html/martket/controller/sale/order.php on line 1561
2026-01-14 09:17:33 - PHP Warning:  Trying to access array offset on value of type null in /var/www/html/martket/controller/sale/order.php on line 1561
